x,y,value
74,24,0
71,17,0
39,7,39
50,83,nan
32,45,32
75,79,nan
2,60,0
71,0,0
45,62,nan
46,8,46
19,97,0
1,99,0
55,70,nan
2,85,0
7,75,0
20,66,0
63,66,nan
9,75,0
77,4,0
48,41,nan
94,69,94
7,91,0
64,72,nan
56,98,56
98,14,98
90,41,0
63,58,nan
36,47,nan
10,76,0
83,39,0
6,0,0
13,45,0
81,96,0
81,85,0
20,87,0
87,4,0
3,80,0
81,3,0
38,18,nan
77,8,0
78,47,0
26,26,26
50,88,nan
59,26,59
16,25,0
18,4,0
94,13,94
61,63,nan
15,86,0
41,78,nan
46,68,nan
45,82,nan
10,13,0
92,9,92
36,29,nan
60,9,60
1,83,1
64,47,nan
63,77,nan
15,92,0
36,10,36
89,28,0
58,23,58
96,25,96
87,81,0
1,65,1
61,22,61
90,12,0
83,92,0
42,54,nan
98,91,98
95,78,95
29,2,29
48,67,nan
36,43,36
69,67,nan
3,61,0
17,66,0
24,25,0
20,26,0
57,75,nan
70,28,0
64,29,0
41,9,41
16,60,0
4,21,4
37,8,37
11,34,0
61,4,61
84,44,0
52,82,nan
57,51,nan
8,68,0
13,19,0
7,85,0
36,38,nan
98,22,98
41,34,nan
54,55,nan
67,53,nan
4,9,4
7,33,7
21,24,0
84,63,0
7,90,7
31,72,nan
17,63,0
69,27,69
3,29,0
47,76,nan
84,79,0
30,31,nan
54,3,54
33,95,33
15,99,0
32,14,nan
35,91,35
19,59,0
97,46,97
45,46,nan
3,82,3
25,89,25
68,8,68
2,93,0
26,82,0
55,17,55
2,22,2
50,40,nan
33,45,33
16,5,0
80,31,0
68,34,nan
41,11,41
55,65,nan
38,86,38
53,95,53
91,92,0
64,84,nan
54,96,54
38,57,nan
67,4,0
99,56,99
3,87,0
70,31,0
65,31,0
87,7,0
17,44,0
64,46,nan
76,75,0
94,14,94
17,24,0
30,33,nan
61,6,61
90,20,90
17,57,0
3,36,0
72,18,0
95,65,95
78,72,0
86,66,0
80,30,0
94,56,0
28,54,nan
93,62,0
16,14,0
60,63,nan
56,13,56
0,9,0
83,97,0
29,14,29
14,38,nan
28,33,28
58,92,58
35,80,35
49,27,49
7,2,7
13,7,0
89,53,0
31,40,31
67,88,0
6,44,0
2,4,0
28,75,0
95,45,95
75,4,0
60,59,nan
3,7,3
39,60,nan
35,38,nan
9,64,0
50,8,50
38,59,nan
19,23,0
30,32,nan
28,28,28
16,0,0
99,31,99
56,24,56
77,68,0
75,60,0
12,66,0
38,36,nan
47,8,47
20,76,0
38,30,nan
18,34,0
40,92,40
35,5,35
92,28,92
53,29,53
88,63,0
59,65,nan
71,11,0
96,76,96
71,8,71
64,3,64
56,3,56
29,12,0
1,74,0
22,95,0
73,13,0
80,18,0
79,30,0
14,92,0
16,43,0
42,68,nan
17,21,0
59,7,59
82,54,0
64,73,nan
16,48,0
75,25,0
80,12,0
58,29,58
63,37,nan
33,65,nan
37,31,nan
10,74,0
65,67,nan
83,88,0
18,51,0
83,70,0
86,71,0
37,1,37
3,40,3
16,52,0
39,64,nan
82,73,0
28,25,0
33,55,nan
12,45,0
39,13,39
92,92,0
25,51,0
34,34,nan
82,69,0
52,9,52
87,46,87
29,17,0
74,91,0
66,61,nan
25,33,25
53,10,53
92,13,92
93,59,93
57,72,nan
34,93,34
87,58,87
5,43,0
34,94,34
77,82,nan
75,97,0
90,32,90
41,7,41
40,38,nan
46,42,nan
9,84,0
89,10,0
40,18,40
91,96,91
12,40,nan
3,34,3
86,65,0
76,25,0
18,60,0
58,58,nan
8,73,0
27,55,nan
24,20,24
27,35,0
41,25,nan
46,24,46
98,54,98
0,60,0
10,51,0
73,49,0
8,84,0
13,94,0
49,43,nan
33,47,nan
69,93,0
98,19,98
56,19,56
94,63,94
33,86,0
66,50,nan
87,43,0
32,23,nan
2,91,2
40,37,nan
92,69,0
91,44,0
60,7,60
32,69,nan
57,49,nan
82,86,0
78,89,nan
20,49,0
7,49,0
91,48,0
55,22,55
93,19,93
35,32,nan
34,19,nan
29,15,29
23,39,0
23,30,0
82,84,0
3,54,0
66,48,nan
12,23,0
9,21,0
15,70,0
99,58,99
7,66,0
82,66,0
52,16,52
54,26,54
81,19,0
4,83,4
83,47,0
5,39,5
40,67,nan
89,32,89
74,15,0
65,80,nan
82,12,0
3,9,3
1,42,0
27,23,0
3,30,0
35,19,nan
97,21,97
60,23,60
88,30,0
70,35,0
70,52,70
27,98,0
18,25,0
41,57,nan
39,3,39
45,94,45
44,19,44
22,46,0
66,6,0
0,21,0
87,11,0
49,56,nan
90,19,0
16,38,0
5,76,5
34,98,34
87,86,0
63,18,0
69,80,nan
88,88,0
1,27,1
70,50,0
93,7,93
38,60,nan
51,5,51
6,99,0
55,2,55
16,31,0
25,84,25
20,58,0
38,68,nan
19,98,0
85,19,0
39,38,nan
40,82,nan
49,8,49
17,72,0
21,83,0
21,51,0
14,24,0
78,46,0
76,16,0
5,11,0
15,9,0
9,46,0
85,70,0
28,89,28
27,17,0
96,62,96
38,16,38
75,44,0
9,50,0
89,85,0
77,25,0
62,86,0
36,76,36
65,52,nan
15,52,0
48,90,48
98,86,98
21,60,0
88,65,88
20,54,0
96,37,96
75,53,0
33,91,33
88,51,88
31,83,31
64,96,64
7,79,0
69,1,69
35,95,35
58,36,58
53,52,nan
64,94,64
31,27,nan
88,98,0
12,17,0
11,98,0
96,3,96
9,41,nan
13,33,0
51,84,nan
80,5,0
89,19,0
14,53,0
60,80,nan
58,47,nan
69,62,nan
47,38,nan
42,63,nan
55,83,nan
51,83,nan
42,81,nan
5,34,5
45,84,nan
19,43,0
53,26,53
7,76,0
65,14,65
38,27,nan
99,36,99
90,42,0
82,91,0
65,10,0
59,8,59
41,19,41
50,45,nan
0,46,0
88,38,0
36,97,36
74,40,0
57,43,nan
47,4,47
15,75,0
23,99,0
61,14,61
18,89,0
79,49,0
93,98,0
45,76,nan
68,95,68
68,48,nan
76,70,0
40,49,nan
78,6,0
0,44,0
97,12,97
72,52,0
94,91,94
50,36,nan
91,8,91
0,39,0
22,57,0
81,77,0
44,22,44
3,0,0
15,89,0
59,59,nan
54,88,nan
97,31,97
9,59,0
49,69,nan
47,39,nan
84,86,0
12,39,nan
63,71,nan
79,93,0
38,82,38
66,57,nan
96,27,96
5,84,5
29,54,nan
91,0,0
51,90,51
1,17,0
15,10,0
67,38,nan
37,26,nan
73,76,nan
1,29,0
27,76,27
59,80,nan
70,44,0
56,70,nan
92,40,92
81,89,0
1,26,1
93,46,93
81,43,0
96,90,96
75,27,0
64,22,64
23,75,0
55,39,nan
21,68,0
18,78,0
17,10,0
54,85,nan
86,52,86
42,43,nan
17,1,0
9,2,0
32,6,32
2,61,0
97,82,97
30,92,0
5,4,0
99,66,99
66,86,nan
63,38,nan
94,57,94
49,29,nan
75,81,nan
45,74,nan
5,85,0
12,85,0
15,76,0
25,72,0
50,7,50
11,44,nan
13,52,0
14,67,0
7,16,0
62,40,nan
20,20,0
79,78,0
9,9,0
67,54,nan
21,44,0
37,22,nan
88,45,88
57,29,57
84,34,0
23,13,0
36,26,nan
80,89,0
43,4,43
98,79,98
24,85,0
14,44,0
74,82,nan
23,62,0
52,58,nan
45,45,nan
16,9,0
79,11,0
74,84,nan
4,59,4
57,55,nan
42,96,42
92,31,0
46,23,46
56,87,nan
6,53,0
83,50,0
85,78,0
81,88,0
96,46,96
68,77,nan
64,77,nan
41,87,nan
49,1,49
9,90,0
81,84,0
6,50,0
55,69,nan
27,62,nan
84,87,0
17,32,0
93,13,93
79,66,0
9,38,nan
90,26,90
71,42,0
48,9,48
3,79,0
37,50,nan
87,48,0
49,36,nan
33,30,nan
39,92,39
41,55,nan
17,0,0
59,47,nan
8,39,nan
75,73,0
99,86,99
46,69,nan
49,12,49
77,40,0
31,21,nan
92,19,92
17,86,0
81,35,0
96,28,96
56,49,nan
38,15,38
20,91,0
78,40,0
34,82,34
59,97,59
1,50,1
55,98,55
99,57,99
64,69,nan
34,68,nan
26,27,26
42,5,42
20,33,0
31,14,nan
43,67,nan
45,2,45
28,19,0
96,40,96
61,61,nan
12,10,0
14,69,0
97,5,97
95,4,0
51,17,51
70,64,70
63,32,63
62,44,nan
24,90,24
49,30,nan
54,7,54
94,75,94
81,18,0
8,51,0
23,24,0
29,52,nan
40,33,nan
72,14,0
74,96,0
85,90,0
13,41,nan
79,0,0
89,57,0
15,30,0
89,36,0
57,54,nan
18,13,0
60,49,nan
12,27,0
70,94,0
74,90,0
18,18,0
87,37,0
62,85,62
34,88,34
43,61,nan
42,74,nan
91,38,91
38,88,38
59,63,nan
54,6,54
4,95,4
3,6,0
3,96,3
40,64,nan
43,66,nan
24,84,0
24,65,0
48,17,48
71,64,0
65,61,nan
76,24,0
54,47,nan
97,35,97
24,73,0
6,39,nan
90,97,90
78,60,0
38,67,nan
80,39,0
64,45,nan
78,5,0
69,36,nan
13,25,0
0,43,0
98,35,98
72,16,0
14,16,0
34,30,nan
87,78,0
40,80,nan
68,30,0
82,93,0
29,48,0
71,39,71
24,26,0
18,91,0
75,3,0
40,63,nan
73,55,0
76,76,nan
67,63,nan
99,68,99
74,20,0
21,10,0
74,26,0
27,68,0
42,11,42
94,66,94
75,85,nan
11,4,0
56,69,nan
89,14,89
87,20,87
69,3,0
43,83,nan
60,46,nan
85,80,0
43,55,nan
82,76,0
22,19,0
77,19,0
57,84,nan
95,81,95
72,6,0
69,14,69
12,21,0
67,31,0
27,2,27
50,39,nan
87,8,87
95,97,95
33,4,33
84,56,0
94,19,94
64,56,nan
66,90,66
39,75,39
62,50,nan
72,13,0
96,7,96
89,78,89
17,71,0
29,65,nan
0,76,0
72,93,0
62,59,nan
63,96,63
80,56,0
92,77,92
17,64,0
20,72,0
8,42,nan
43,44,nan
79,21,0
71,60,0
81,9,0
11,69,0
60,3,60
22,37,0
12,53,0
8,69,0
66,3,66
91,65,91
28,77,28
55,9,55
73,31,0
25,77,25
11,3,0
93,12,0
40,68,nan
83,8,0
87,93,0
20,78,0
72,87,nan
7,63,0
68,73,nan
24,91,0
11,8,0
36,64,nan
4,50,0
35,67,nan
38,9,38
95,52,95
8,7,0
57,53,nan
3,77,3
55,68,nan
6,54,0
80,69,0
20,42,0
24,21,0
38,53,nan
47,57,nan
28,10,0
98,51,98
66,64,nan
8,28,0
64,42,nan
79,27,0
89,92,0
33,5,0
15,78,0
97,76,97
10,32,0
83,2,0
11,88,0
78,86,nan
73,27,0
21,95,0
45,26,nan
42,10,42
19,15,0
27,34,27
18,92,0
31,62,nan
37,49,nan
69,69,nan
9,47,0
96,69,96
13,30,0
9,70,0
77,9,0
87,84,0
70,29,0
18,88,0
66,91,0
4,19,0
92,17,0
85,48,0
6,85,0
14,91,0
58,69,nan
37,54,nan
21,97,0
7,71,7
71,6,0
68,88,0
73,71,0
14,11,0
36,70,nan
43,31,nan
21,84,0
29,59,nan
73,22,0
5,26,5
78,7,0
24,19,0
36,94,36
84,60,0
89,4,0
10,53,0
33,83,33
86,83,0
68,25,0
48,47,nan
11,22,0
14,72,0
14,61,0
51,61,nan
40,29,nan
19,62,0
37,87,37
98,62,98
5,24,0
47,41,nan
80,50,0
98,72,98
24,71,24
41,40,nan
21,81,0
55,28,55
61,85,61
27,24,0
92,1,92
94,64,94
62,27,62
25,14,25
5,52,5
58,50,nan
90,18,0
29,85,0
40,13,40
47,79,nan
28,84,28
67,0,0
80,10,0
92,20,92
1,66,1
51,1,51
78,78,nan
17,89,0
24,43,0
30,68,nan
25,68,0
47,53,nan
73,82,nan
60,2,60
95,77,95
80,24,0
77,83,nan
75,69,0
86,50,0
72,68,0
54,53,nan
63,49,nan
7,39,nan
87,55,0
35,78,35
56,79,nan
45,63,nan
24,41,0
8,18,0
2,31,0
6,1,6
48,91,48
22,75,0
57,92,57
3,28,3
22,97,0
32,74,0
66,51,nan
66,16,0
77,91,0
37,67,nan
48,62,nan
33,40,33
35,50,nan
86,19,0
89,23,0
74,5,0
40,55,nan
0,3,0
84,29,0
91,21,91
99,99,99
1,19,1
68,0,0
9,57,0
50,26,50
73,1,0
39,9,39
47,82,nan
66,62,nan
83,98,0
64,74,nan
42,94,42
94,12,0
76,44,0
13,87,0
98,7,98
28,61,nan
77,94,0
35,7,35
53,51,nan
12,97,0
47,7,47
89,82,0
59,82,nan
77,48,0
13,39,nan
94,81,0
37,33,nan
43,52,nan
43,75,nan
86,88,0
58,3,58
67,2,67
53,33,nan
3,67,0
34,96,34
53,25,53
28,22,0
87,80,0
75,49,0
69,57,nan
42,73,nan
18,73,0
75,65,0
23,5,0
16,77,0
18,32,0
90,0,0
87,75,0
1,76,1
58,19,58
92,85,0
16,62,0
39,40,nan
63,61,nan
35,97,35
10,50,0
1,57,1
37,63,nan
41,90,41
69,23,0
84,96,0
68,12,0
31,64,nan
69,35,nan
8,85,0
12,69,0
50,13,50
99,21,99
64,93,0
71,5,0
53,41,nan
2,27,2
22,85,0
4,37,0
97,10,97
36,75,36
56,46,nan
46,13,46
62,33,62
61,16,61
11,90,0
78,74,0
76,89,nan
94,96,94
8,35,0
6,49,0
1,67,0
74,29,0
2,19,2
71,96,71
22,17,0
39,50,nan
8,57,0
36,52,nan
70,93,0
43,58,nan
11,48,0
87,54,0
9,33,0
53,66,nan
27,42,0
59,18,59
28,50,0
19,4,0
11,53,0
96,23,96
9,29,0
93,34,93
53,8,53
30,1,30
86,75,0
66,36,nan
75,66,0
21,99,0
91,10,0
72,66,0
3,57,3
33,67,nan
84,25,0
46,40,nan
36,61,nan
7,77,7
75,37,0
72,65,0
35,8,35
58,9,58
1,41,1
18,63,0
16,29,0
75,2,0
92,0,92
17,58,0
8,95,0
15,55,0
26,1,26
63,39,nan
68,96,68
63,70,nan
6,22,0
43,49,nan
8,47,0
51,35,nan
3,2,3
26,9,0
48,74,nan
54,42,nan
76,14,0
4,91,0
81,53,0
90,9,90
74,55,0
32,60,nan
38,3,38
67,57,nan
53,63,nan
88,19,0
40,26,nan
3,92,0
21,9,0
75,46,0
48,57,nan
37,28,nan
40,42,nan
81,40,0
52,66,nan
6,52,6
70,53,0
11,32,0
63,50,nan
59,58,nan
57,42,nan
7,34,0
59,25,59
88,49,0
41,59,nan
90,87,0
11,97,0
18,64,0
87,89,87
21,78,0
69,71,nan
99,89,99
52,39,nan
75,92,0
73,45,0
49,76,nan
71,26,0
12,37,nan
64,31,0
49,80,nan
12,18,0
77,7,0
99,83,99
13,22,0
14,94,0
54,67,nan
0,6,0
14,60,0
68,5,0
51,9,51
68,38,nan
88,69,0
83,22,0
32,97,32
81,56,0
36,46,nan
29,4,0
83,74,0
66,81,nan
25,98,0
41,68,nan
77,77,nan
60,62,nan
71,93,0
11,9,0
29,94,0
43,94,43
81,30,0
50,20,50
72,90,0
14,96,0
10,0,0
7,22,0
27,73,0
87,26,0
68,40,nan
7,25,0
0,69,0
58,81,nan
10,14,0
84,13,0
52,12,52
11,28,0
38,91,38
87,66,0
14,0,0
95,6,95
24,2,24
11,38,nan
33,10,33
61,73,nan
68,17,0
32,43,0
83,34,0
47,0,47
51,0,51
73,65,0
99,69,99
76,95,0
39,77,39
24,12,0
1,92,0
26,96,26
44,62,nan
24,96,24
57,65,nan
94,3,94
18,26,0
9,14,0
74,60,0
71,24,0
42,50,nan
37,75,37
50,97,50
2,79,0
92,54,0
55,51,nan
60,32,60
8,46,0
55,90,55
80,4,0
73,96,0
51,79,nan
56,21,56
11,93,0
2,75,0
73,30,0
69,22,0
30,98,0
19,46,0
51,23,51
47,44,nan
50,86,nan
88,70,88
81,4,0
92,88,92
53,62,nan
86,37,0
48,55,nan
26,74,0
4,35,0
27,97,27
92,57,92
95,20,95
48,21,48
12,98,0
45,52,nan
73,72,0
53,18,53
14,79,0
35,12,35
39,82,39
5,6,0
4,16,0
50,33,nan
85,75,0
88,42,0
83,46,0
41,82,nan
30,22,nan
13,86,0
69,38,nan
30,58,nan
89,37,0
52,0,52
49,74,nan
53,77,nan
54,68,nan
31,26,nan
3,91,3
93,73,0
49,19,49
45,24,45
91,5,0
75,30,0
99,65,99
81,91,0
84,84,0
99,39,99
59,14,59
46,35,nan
62,38,nan
19,78,0
40,61,nan
62,69,nan
90,90,90
30,88,30
56,76,nan
85,57,0
62,77,nan
84,39,0
81,74,0
95,24,0
13,18,0
20,67,0
41,67,nan
7,70,0
32,49,nan
17,30,0
36,73,nan
88,79,0
33,59,nan
21,59,0
95,25,95
63,67,nan
61,95,61
12,29,0
47,11,47
86,26,0
51,26,51
10,67,0
88,26,88
63,23,0
80,65,0
94,62,0
40,99,40
5,78,5
20,96,0
41,69,nan
44,41,nan
79,19,0
89,15,89
15,84,0
90,60,0
13,9,0
79,43,0
30,87,0
46,74,nan
79,90,0
57,71,nan
25,45,25
38,95,38
39,93,39
77,37,0
2,2,2
20,17,0
15,51,0
11,62,0
68,21,68
42,95,42
74,32,0
81,61,0
42,2,42
79,14,0
10,7,0
92,58,92
94,45,94
59,39,nan
63,56,nan
95,70,95
95,41,95
15,90,0
14,31,0
28,11,0
43,42,nan
94,52,94
2,78,2
97,88,97
88,83,88
69,72,nan
77,43,0
79,2,0
48,3,48
78,55,0
46,86,nan
7,35,0
77,62,0
3,20,3
58,33,58
23,82,0
19,95,0
74,41,0
78,53,0
93,86,0
17,40,0
60,47,nan
2,51,2
94,24,0
2,48,0
29,81,0
47,33,nan
17,77,0
24,14,24
89,24,0
1,58,1
52,84,nan
45,64,nan
98,76,98
61,71,nan
70,61,0
94,40,94
71,47,0
42,55,nan
74,48,0
16,41,0
39,42,nan
46,17,46
44,31,nan
2,71,2
54,31,54
13,99,0
61,66,nan
69,85,nan
22,0,0
96,60,96
60,22,60
64,27,64
91,2,91
10,58,0
12,92,0
49,87,nan
63,93,0
77,11,0
35,46,nan
1,75,0
15,67,0
6,75,0
1,13,1
4,39,4
80,68,0
95,35,95
97,61,97
34,29,nan
83,93,0
4,57,4
63,83,nan
38,13,38
7,13,0
77,51,0
43,39,nan
66,55,nan
38,56,nan
46,99,46
94,68,0
37,65,nan
21,19,0
79,37,0
38,8,38
77,84,nan
82,2,0
5,86,0
97,71,97
49,89,nan
73,80,nan
88,54,0
14,27,0
35,57,nan
72,55,0
92,61,0
59,33,59
87,23,0
23,23,0
63,31,63
76,98,0
65,32,65
56,53,nan
54,27,54
91,71,91
71,37,0
41,16,41
5,7,5
61,60,nan
19,53,0
83,18,0
35,70,nan
15,68,0
40,36,nan
96,39,96
55,93,55
63,26,63
24,9,0
0,33,0
4,64,4
81,54,0
86,49,0
62,80,nan
20,59,0
80,47,0
61,44,nan
41,43,nan
61,94,61
31,78,31
16,74,0
86,23,0
83,59,0
63,89,63
92,42,0
22,72,0
78,61,0
12,26,0
67,66,nan
69,56,nan
62,23,0
20,25,0
8,43,nan
92,63,92
50,77,nan
7,12,0
90,80,0
54,50,nan
39,80,39
35,94,35
99,85,99
52,48,nan
17,61,0
44,79,nan
46,39,nan
50,1,50
42,19,42
71,49,0
67,52,nan
52,11,52
41,96,41
16,69,0
80,92,0
83,49,0
75,70,0
45,32,nan
42,61,nan
64,87,0
96,78,96
11,80,0
11,91,0
28,60,nan
66,10,0
69,39,nan
19,27,0
68,42,nan
63,73,nan
9,96,0
86,53,0
67,61,nan
20,55,0
6,73,0
53,80,nan
31,59,nan
62,57,nan
39,66,nan
24,70,0
71,81,nan
11,65,0
8,76,0
92,67,0
7,84,0
68,11,0
16,37,0
99,90,99
9,63,0
38,78,38
8,25,0
35,40,35
31,52,nan
71,48,0
8,9,0
68,41,nan
73,17,0
68,98,0
8,13,0
41,26,nan
29,10,0
7,54,0
70,84,nan
54,9,54
60,72,nan
85,35,0
16,68,0
12,88,0
97,78,97
45,23,45
22,96,0
69,53,nan
99,1,99
16,11,0
54,70,nan
63,99,0
10,3,0
17,34,0
31,7,31
71,82,nan
2,68,0
78,4,0
37,94,37
63,45,nan
19,34,0
89,44,0
19,57,0
81,68,0
71,32,0
52,46,nan
55,43,nan
60,58,nan
77,64,0
47,83,nan
64,86,0
1,35,0
64,80,nan
79,57,0
12,54,0
55,3,55
30,54,nan
75,55,0
32,65,nan
54,90,54
90,85,0
90,7,90
45,87,nan
65,47,nan
93,45,93
1,14,1
96,99,0
35,54,nan
85,87,0
33,29,nan
47,47,nan
45,44,nan
91,87,0
53,83,nan
98,73,98
23,58,23
5,30,0
11,29,0
29,39,29
98,38,98
13,54,0
44,54,nan
86,47,0
10,98,0
47,51,nan
15,32,0
68,59,nan
3,99,0
81,86,0
31,51,nan
10,27,0
60,0,60
76,53,0
54,13,54
39,19,nan
44,3,44
39,29,nan
92,11,0
38,50,nan
57,85,nan
48,73,nan
94,20,94
15,97,0
0,97,0
90,63,0
25,31,0
16,53,0
40,94,40
64,38,nan
16,16,0
2,17,0
1,59,1
7,59,0
75,82,nan
40,14,40
95,60,95
30,93,0
41,4,41
81,37,0
96,2,96
72,2,0
66,99,0
66,33,66
7,46,7
34,53,nan
47,75,nan
22,70,0
65,90,65
21,35,0
21,61,0
99,47,99
24,87,0
34,62,nan
11,39,nan
0,32,0
10,25,0
60,54,nan
99,3,99
68,36,nan
98,21,98
96,50,96
55,30,55
45,47,nan
12,81,0
96,9,96
23,92,0
5,13,0
85,92,0
55,99,55
39,99,39
76,74,0
7,99,0
89,70,89
85,91,0
69,73,nan
31,28,nan
27,92,0
85,47,0
37,55,nan
84,78,0
39,91,39
14,87,0
36,81,36
58,76,nan
67,27,67
10,64,0
28,41,0
5,65,5
58,30,58
44,24,nan
60,75,nan
29,21,29
95,28,95
14,30,0
49,21,49
6,78,0
89,88,0
36,13,36
27,67,nan
36,14,36
2,98,0
6,62,0
49,54,nan
74,8,0
37,86,37
33,37,nan
78,93,0
39,28,nan
41,31,nan
17,43,0
88,27,88
62,52,nan
94,53,94
6,60,0
10,21,0
55,72,nan
87,52,87
14,68,0
39,47,nan
10,66,0
67,36,nan
84,65,0
3,41,0
69,92,0
92,4,0
89,52,89
16,87,0
84,4,0
5,25,0
13,44,nan
25,34,0
17,54,0
29,82,29
33,21,nan
75,9,0
71,31,0
51,59,nan
44,50,nan
10,79,0
54,62,nan
79,3,0
54,80,nan
53,97,53
64,6,0
15,22,0
65,83,nan
9,52,0
92,3,92
52,55,nan
94,97,94
28,36,0
70,81,nan
60,4,60
63,36,nan
47,31,nan
60,76,nan
73,74,nan
67,28,0
64,70,nan
79,33,0
40,6,40
67,87,nan
50,74,nan
25,79,0
60,83,60
43,25,nan
60,53,nan
18,7,0
61,47,nan
13,78,0
91,52,91
26,0,0
3,43,0
84,6,0
87,62,0
46,21,46
58,6,58
85,76,0
55,48,nan
27,28,0
65,24,0
65,3,65
45,58,nan
47,69,nan
54,45,nan
88,7,0
85,49,0
2,9,2
87,65,87
1,56,0
57,20,57
30,26,nan
79,88,nan
31,49,nan
3,72,3
8,67,0
91,82,91
75,47,0
59,42,nan
97,6,97
45,27,nan
88,13,0
30,10,nan
5,44,0
48,38,nan
19,41,0
63,25,63
78,80,nan
56,74,nan
51,45,nan
15,33,0
62,56,nan
40,70,nan
65,40,nan
18,67,0
3,23,0
16,15,0
36,1,36
34,87,34
43,28,nan
15,73,0
97,1,97
6,58,6
8,87,0
47,32,nan
33,50,nan
59,91,59
87,42,0
57,47,nan
54,82,nan
63,97,63
39,8,39
7,23,0
55,47,nan
34,69,nan
9,95,0
43,59,nan
3,1,3
97,56,97
64,62,nan
21,52,0
37,57,nan
39,0,39
5,72,0
61,21,61
29,50,nan
22,34,0
81,93,0
89,80,0
46,89,nan
78,44,0
73,2,0
64,48,nan
62,43,nan
79,12,0
42,58,nan
54,61,nan
45,40,nan
72,73,nan
91,94,0
50,95,50
89,1,89
77,1,0
18,68,0
97,95,97
4,75,0
36,53,nan
13,13,0
48,1,48
77,88,nan
75,80,nan
60,10,60
56,29,56
43,53,nan
51,96,51
27,96,27
45,81,nan
0,40,0
62,41,nan
1,71,1
44,9,44
46,28,nan
41,2,41
35,17,nan
2,42,0
9,39,nan
84,81,0
91,54,0
31,16,nan
76,64,0
42,28,nan
49,53,nan
19,93,0
52,94,52
92,71,92
65,81,nan
65,59,nan
83,68,0
62,90,62
4,7,4
93,51,93
15,18,0
95,61,0
4,29,0
35,45,35
90,3,0
28,74,0
38,51,nan
65,4,0
35,10,35
41,29,nan
19,90,0
97,50,97
35,93,35
61,48,nan
32,21,nan
62,3,62
73,10,0
3,24,0
46,64,nan
19,58,0
4,10,0
88,36,0
84,30,0
90,69,0
95,44,95
65,94,0
0,19,0
72,58,0
38,45,38
56,41,nan
90,52,90
13,92,0
99,93,99
78,0,0
3,93,0
10,49,0
44,23,44
4,96,4
91,42,0
64,28,64
55,84,nan
89,58,89
51,16,51
6,32,0
23,14,0
34,33,nan
64,90,64
89,68,0
0,94,0
96,95,96
21,50,0
96,71,96
83,62,0
29,42,0
52,13,52
0,26,0
66,44,nan
40,72,nan
70,77,nan
27,47,0
5,31,0
26,79,0
35,24,nan
79,9,0
50,18,50
46,20,46
78,71,0
57,99,57
82,0,0
8,54,0
64,89,64
53,36,nan
70,16,0
79,46,0
55,49,nan
12,33,0
30,53,nan
79,82,nan
91,18,0
24,66,0
16,23,0
45,16,45
14,64,0
33,85,33
26,3,0
44,86,nan
20,41,0
23,79,0
93,61,0
34,31,nan
8,24,0
97,39,97
65,76,nan
21,88,0
86,94,0
98,23,98
22,91,0
3,22,0
74,38,0
55,0,55
50,98,50
36,3,36
25,23,0
6,82,0
17,5,0
79,31,0
77,10,0
82,9,0
49,38,nan
18,16,0
51,93,51
21,76,0
34,84,34
70,39,70
58,54,nan
81,50,0
46,65,nan
44,46,nan
72,39,0
74,28,0
64,2,64
19,89,0
18,59,0
78,38,0
63,22,63
75,23,0
72,40,0
47,48,nan
90,38,0
79,23,0
7,38,nan
95,53,95
7,32,0
73,11,0
71,79,nan
5,66,0
94,27,94
82,6,0
60,66,nan
79,67,0
23,45,0
98,67,98
14,5,0
28,91,0
51,80,nan
67,91,0
35,99,35
30,44,30
31,98,0
31,77,31
65,50,nan
99,5,99
94,7,94
99,41,99
40,0,40
37,40,nan
32,26,nan
24,76,0
40,1,40
98,55,98
57,88,nan
55,64,nan
19,8,0
5,69,0
33,77,33
27,27,27
36,18,nan
26,65,nan
72,51,0
94,54,0
16,36,0
17,96,0
75,62,0
16,13,0
80,22,0
52,27,52
52,88,nan
82,80,0
88,90,88
97,94,97
80,15,0
23,77,23
15,53,0
92,53,92
33,35,nan
32,95,32
44,5,44
42,53,nan
24,98,0
1,85,1
71,85,nan
27,16,0
13,72,0
9,54,0
46,51,nan
75,42,0
42,75,nan
78,36,0
35,75,35
95,51,95
61,55,nan
82,56,0
59,51,nan
31,19,nan
61,75,nan
71,73,nan
5,29,0
53,54,nan
12,7,0
74,62,0
30,38,30
38,12,38
76,90,0
11,71,0
21,28,0
74,83,nan
56,34,56
1,53,1
38,35,nan
75,77,nan
40,95,40
23,67,0
98,65,98
51,13,51
59,46,nan
94,44,94
41,1,41
32,58,nan
88,21,88
46,59,nan
36,40,nan
37,29,nan
60,90,60
19,73,0
83,55,0
16,85,0
53,56,nan
51,46,nan
37,42,37
28,43,0
58,15,58
21,31,0
89,98,0
32,64,nan
48,66,nan
88,48,0
52,33,nan
32,77,32
53,38,nan
26,37,0
84,75,0
67,34,nan
18,57,0
2,66,2
80,13,0
7,6,0
39,94,39
76,21,0
19,51,0
37,38,nan
99,42,99
47,63,nan
48,11,48
31,0,31
82,11,0
19,96,0
4,60,0
19,83,0
35,63,nan
42,77,nan
19,75,0
56,35,56
43,41,nan
37,12,37
80,87,0
35,3,35
0,24,0
7,81,0
97,9,97
49,60,nan
95,95,95
33,39,33
4,53,4
28,0,0
11,58,0
97,75,97
18,1,0
32,0,32
63,15,63
98,12,98
25,75,0
64,71,nan
10,23,0
80,29,0
93,92,0
46,70,nan
42,60,nan
1,47,1
54,39,nan
87,3,0
38,49,nan
34,45,34
59,94,59
85,8,0
3,97,3
3,4,0
13,58,0
86,96,86
46,63,nan
66,92,0
1,69,1
83,40,0
48,95,48
36,66,nan
28,95,28
98,59,98
3,32,3
76,6,0
78,66,0
89,0,0
2,34,2
25,32,0
53,27,53
66,0,0
84,91,0
72,54,0
16,56,0
85,4,0
48,28,nan
66,73,nan
47,98,47
40,47,nan
46,9,46
31,32,nan
93,66,93
84,24,0
11,27,0
64,55,nan
76,33,0
48,26,48
66,27,66
1,97,1
99,79,99
47,71,nan
55,63,nan
54,17,54
74,78,nan
67,73,nan
55,80,nan
74,92,0
16,70,0
84,82,0
33,72,nan
71,33,71
46,19,46
4,72,0
92,34,92
34,48,nan
59,41,nan
66,59,nan
78,79,nan
35,98,35
22,22,0
80,82,0
53,70,nan
76,57,0
61,81,nan
57,52,nan
27,72,0
67,51,nan
95,87,0
98,32,98
47,52,nan
80,77,0
77,73,0
22,90,0
68,22,0
8,80,0
64,61,nan
73,91,0
27,59,nan
27,9,27
53,78,nan
11,87,0
72,67,0
56,88,nan
45,8,45
81,27,0
62,94,62
6,70,6
78,31,0
43,73,nan
15,29,0
8,55,0
87,57,0
59,1,59
4,38,4
91,35,0
90,15,90
62,29,62
47,25,47
74,18,0
58,77,nan
71,13,0
66,38,nan
6,89,6
61,32,61
49,95,49
89,17,0
94,41,94
56,60,nan
77,33,0
4,86,0
68,92,0
4,88,0
8,82,0
65,21,65
96,49,0
87,10,0
66,52,nan
51,99,51
11,61,0
3,76,3
95,47,95
65,45,nan
42,92,42
26,85,0
22,69,0
64,59,nan
93,82,93
72,71,0
41,41,nan
1,15,1
79,69,0
39,49,nan
84,64,0
86,13,0
87,29,0
92,49,0
29,62,nan
25,94,0
58,64,nan
21,14,0
68,53,nan
97,30,97
5,0,0
23,15,0
17,47,0
73,69,0
71,36,0
38,37,nan
99,61,99
81,23,0
47,10,47
42,27,nan
74,23,0
36,27,nan
58,75,nan
27,87,0
71,77,nan
78,59,0
54,18,54
8,92,0
1,16,1
74,75,nan
95,9,95
88,18,0
22,76,0
97,70,97
90,99,0
69,20,69
12,72,0
36,56,nan
30,37,0
50,42,nan
32,61,nan
54,4,54
80,52,0
90,55,0
93,3,93
24,15,0
4,3,0
99,49,99
99,2,99
60,17,60
22,68,0
20,63,0
19,99,0
68,15,68
55,31,55
92,37,0
67,79,nan
57,19,57
15,94,0
32,7,32
18,49,0
58,44,nan
0,92,0
73,23,0
18,28,0
24,38,0
87,38,0
81,11,0
47,23,47
27,18,0
97,64,97
48,69,nan
19,22,0
59,79,nan
38,6,38
43,76,nan
77,66,0
9,98,0
65,97,65
11,85,0
30,2,30
92,75,0
69,48,nan
63,41,nan
49,10,49
63,75,nan
35,76,35
39,26,nan
25,37,0
52,85,nan
10,20,0
19,37,0
41,89,nan
57,17,57
80,75,0
77,13,0
61,91,61
30,49,nan
38,98,38
34,35,nan
64,76,nan
26,22,0
42,1,42
89,16,0
42,12,42
5,15,5
70,72,nan
44,88,nan
85,28,0
57,11,57
45,55,nan
5,75,0
15,40,nan
75,11,0
26,33,26
44,81,nan
80,88,0
35,66,nan
65,43,nan
20,81,0
91,68,0
76,19,0
10,47,0
25,73,0
15,59,0
66,18,0
92,55,0
90,61,0
73,35,0
26,7,26
43,71,nan
4,76,4
42,65,nan
9,81,0
4,31,0
97,83,97
30,29,nan
20,69,0
2,58,2
8,52,8
56,26,56
78,90,0
93,1,93
21,80,0
81,78,0
34,59,nan
55,5,55
96,54,96
26,80,0
66,29,0
13,79,0
94,74,0
21,89,0
70,96,70
9,93,0
1,46,1
26,38,0
43,98,43
74,59,0
60,65,nan
59,5,59
15,66,0
33,82,33
85,71,0
97,60,97
33,43,0
89,26,89
91,36,0
79,86,nan
67,97,67
9,73,0
1,54,0
55,78,nan
18,97,0
88,73,0
58,37,58
28,93,0
98,71,98
64,24,0
71,21,0
35,47,nan
13,67,0
30,0,30
31,10,0
33,11,0
8,99,0
77,95,0
90,81,0
27,48,0
41,70,nan
17,29,0
77,74,0
76,46,0
80,16,0
69,83,nan
59,61,nan
42,26,nan
60,86,60
61,88,61
5,56,0
25,12,0
77,39,0
66,49,nan
76,50,0
84,16,0
66,40,nan
88,20,88
64,67,nan
45,11,45
20,37,0
12,82,0
60,78,nan
85,31,0
75,35,0
29,88,29
6,74,0
0,85,0
23,98,0
12,52,0
28,24,0
0,16,0
87,61,0
63,98,0
0,90,0
49,16,49
11,47,0
7,58,7
4,23,0
75,1,0
68,33,nan
77,24,0
33,2,33
71,91,0
35,31,nan
39,5,39
67,41,nan
17,39,0
77,35,0
32,81,0
86,68,0
92,35,0
26,51,26
85,34,0
14,89,0
10,24,0
29,96,29
94,18,0
79,32,0
12,86,0
27,12,0
9,89,0
65,49,nan
16,83,0
39,16,39
69,99,0
7,57,0
43,32,nan
96,47,96
44,6,44
7,29,0
3,90,3
84,46,0
28,70,28
89,69,0
67,70,nan
13,47,0
44,84,nan
35,30,nan
52,51,nan
82,88,0
52,70,nan
17,16,0
8,50,0
20,32,0
26,95,26
46,81,nan
80,9,0
21,21,0
76,73,0
33,64,nan
84,27,0
45,6,45
60,14,60
78,51,0
53,58,nan
97,86,97
44,73,nan
39,87,39
28,97,28
25,38,0
65,35,nan
36,2,36
10,35,nan
83,16,0
85,45,0
25,53,0
55,35,nan
25,95,0
27,65,nan
51,64,nan
33,14,nan
34,2,34
60,21,60
76,0,0
4,25,0
28,17,0
57,28,57
49,11,49
95,13,95
67,78,nan
44,10,44
48,32,nan
38,97,38
74,17,0
40,48,nan
14,40,nan
1,51,1
72,79,nan
19,35,0
44,33,nan
8,70,0
78,58,0
48,46,nan
31,42,0
91,84,91
78,85,nan
88,86,0
95,8,95
32,83,32
94,67,0
59,34,59
67,89,67
41,98,41
32,80,0
5,70,5
42,3,42
44,78,nan
47,72,nan
85,83,0
29,70,nan
69,7,69
81,90,0
25,91,0
12,79,0
76,10,0
38,19,nan
45,36,nan
49,9,49
46,57,nan
74,88,nan
91,58,91
86,14,86
71,54,0
36,55,nan
14,95,0
15,91,0
91,39,91
58,41,nan
72,21,0
40,19,40
76,52,0
36,74,nan
37,88,37
94,50,94
43,24,nan
4,4,0
99,46,99
29,26,29
68,99,0
20,70,0
40,97,40
76,11,0
21,74,0
40,22,nan
65,46,nan
79,26,0
68,19,0
97,29,97
84,33,0
49,55,nan
22,64,0
20,24,0
30,20,nan
83,38,0
75,8,0
34,10,34
43,93,43
78,25,0
43,77,nan
25,42,0
27,39,27
60,16,60
47,43,nan
78,70,0
95,62,0
44,20,44
53,57,nan
92,74,0
3,10,0
16,93,0
73,14,0
70,8,70
20,27,0
57,38,nan
97,32,97
66,37,nan
13,26,0
62,76,nan
96,19,96
51,38,nan
89,99,0
24,37,0
64,91,64
39,58,nan
19,19,0
91,11,0
18,62,0
78,88,nan
84,14,0
65,89,65
44,59,nan
79,94,0
24,89,24
92,2,92
82,18,0
74,53,0
32,42,0
28,63,nan
63,47,nan
66,53,nan
3,84,3
41,17,41
56,45,nan
28,55,nan
21,86,0
20,19,0
4,58,4
30,86,0
63,28,63
30,27,nan
69,34,nan
8,94,0
75,72,0
93,11,0
77,36,0
19,30,0
14,3,0
32,51,nan
87,35,0
0,42,0
7,14,7
27,3,0
95,63,95
30,39,30
89,79,0
8,20,0
57,46,nan
81,13,0
25,9,0
9,48,0
49,91,49
41,35,nan
96,44,96
66,15,66
83,1,0
24,17,0
98,31,98
61,2,61
66,23,0
77,58,0
44,72,nan
98,41,98
56,7,56
23,8,0
40,76,nan
80,74,0
76,49,0
12,19,0
76,58,0
23,28,0
50,14,50
24,22,0
26,62,nan
47,16,47
24,47,0
0,50,0
92,46,92
98,69,98
48,12,48
69,82,nan
85,44,0
90,91,0
5,3,0
55,55,nan
28,99,0
80,20,0
16,76,0
69,55,nan
31,60,nan
45,31,nan
90,70,90
82,3,0
41,85,nan
96,32,96
52,6,52
3,71,3
76,72,0
71,41,0
51,53,nan
27,10,0
94,30,0
1,88,1
65,72,nan
50,92,50
85,53,0
79,42,0
90,30,0
83,9,0
74,86,nan
44,8,44
98,2,98
86,10,0
6,48,0
35,53,nan
34,54,nan
88,50,0
86,8,86
18,83,0
78,23,0
21,22,0
93,18,0
83,89,0
34,85,34
72,77,nan
56,15,56
84,5,0
4,2,4
72,59,0
16,26,0
35,14,35
72,56,0
53,67,nan
95,48,0
55,32,55
32,93,0
73,36,0
51,10,51
0,49,0
33,24,nan
57,35,57
91,51,91
49,33,nan
18,15,0
88,62,0
76,4,0
57,81,nan
95,38,95
12,60,0
10,12,0
43,18,43
84,19,0
83,99,0
43,90,43
33,52,nan
14,84,0
97,96,97
37,79,37
43,33,nan
6,28,0
40,20,nan
77,60,0
81,7,0
29,37,0
13,84,0
56,23,56
13,71,0
36,22,nan
86,36,0
79,4,0
51,14,51
40,84,nan
17,13,0
7,52,7
79,73,0
37,37,nan
40,53,nan
45,75,nan
43,14,43
67,83,nan
50,71,nan
69,17,0
31,22,nan
81,29,0
57,13,57
78,39,0
56,36,nan
79,45,0
99,4,99
92,76,92
34,97,34
51,54,nan
5,12,0
22,99,0
55,81,nan
22,33,0
74,13,0
59,17,59
33,33,nan
95,58,95
29,47,29
9,94,0
9,22,0
45,21,45
14,85,0
95,67,0
3,51,3
1,40,1
12,24,0
29,19,29
23,72,0
87,32,0
57,80,nan
93,78,93
34,72,nan
83,78,0
75,98,0
29,5,0
41,28,nan
43,38,nan
45,54,nan
72,30,0
12,83,0
71,28,0
4,44,0
84,72,0
62,74,nan
58,97,58
34,60,nan
38,66,nan
78,43,0
27,60,nan
32,24,nan
49,41,nan
79,24,0
98,96,98
32,8,32
32,86,0
89,48,0
43,34,nan
47,87,nan
96,64,96
82,65,0
92,73,0
91,31,0
96,43,96
20,52,0
55,92,55
49,48,nan
96,84,96
6,25,0
71,44,0
60,45,nan
64,30,0
35,13,35
83,36,0
3,14,3
28,68,nan
66,20,66
29,13,29
84,21,0
9,97,0
31,35,nan
6,14,6
8,34,0
38,58,nan
63,29,0
69,51,nan
12,89,0
82,20,0
39,21,nan
40,4,40
94,33,94
22,39,0
56,71,nan
23,81,0
59,29,59
45,97,45
48,75,nan
75,26,0
36,89,36
37,17,nan
48,40,nan
66,32,66
64,14,64
40,8,40
59,22,59
65,64,nan
28,39,28
96,21,96
55,40,nan
51,65,nan
11,20,0
47,9,47
91,20,91
82,60,0
35,68,nan
41,22,nan
64,51,nan
21,36,0
30,77,30
32,53,nan
96,14,96
4,70,4
70,21,70
36,77,36
65,82,nan
65,15,65
54,19,54
2,16,0
5,58,5
58,2,58
21,43,0
12,38,nan
13,89,0
16,75,0
25,13,0
54,43,nan
73,25,0
53,96,53
95,66,95
24,49,0
39,88,39
21,42,0
67,60,nan
33,17,nan
73,93,0
72,28,0
99,96,99
19,20,0
66,85,nan
90,59,90
31,89,31
98,63,98
34,73,nan
61,89,61
99,8,99
85,56,0
85,24,0
67,85,nan
27,26,27
5,18,0
87,45,87
39,73,nan
81,52,0
23,7,0
69,79,nan
13,43,nan
17,59,0
44,95,44
25,11,0
62,4,0
75,16,0
71,74,nan
56,27,56
59,37,59
44,45,nan
45,30,nan
89,5,0
82,24,0
6,93,0
32,62,nan
81,48,0
36,67,nan
8,6,0
85,40,0
58,52,nan
67,67,nan
39,36,nan
49,13,49
58,12,58
1,93,0
16,55,0
76,12,0
47,34,nan
23,69,0
48,30,nan
42,35,nan
61,80,nan
37,78,37
17,98,0
33,34,nan
90,96,90
39,89,39
33,32,nan
16,58,0
37,20,nan
13,80,0
97,33,97
86,90,0
32,56,nan
60,68,nan
7,73,0
0,58,0
84,0,0
70,46,70
76,29,0
55,12,55
39,57,nan
49,61,nan
57,7,57
6,35,0
4,36,0
33,96,33
97,73,97
78,34,0
25,4,0
25,3,0
4,28,0
29,46,29
25,97,0
59,31,59
88,81,0
64,54,nan
36,84,36
7,43,nan
8,83,8
17,94,0
55,38,nan
2,55,0
68,71,nan
21,27,0
62,78,nan
68,32,68
31,70,nan
71,71,nan
22,30,0
49,31,nan
24,59,0
91,24,0
55,27,55
35,72,nan
73,32,0
56,67,nan
66,1,66
91,90,91
26,20,26
53,79,nan
63,95,63
82,68,0
83,41,0
15,1,0
4,97,4
48,19,48
77,41,0
48,70,nan
30,45,30
96,98,96
91,23,0
19,18,0
20,57,0
79,61,0
52,10,52
98,99,98
94,39,94
2,7,2
12,51,0
87,98,0
17,90,0
8,81,0
88,99,0
47,15,47
23,63,0
81,66,0
18,39,0
18,79,0
66,25,0
35,88,35
76,77,nan
5,67,0
70,45,70
97,66,97
11,0,0
52,96,52
97,45,97
37,61,nan
18,29,0
30,18,nan
52,15,52
1,80,0
34,39,34
42,97,42
70,70,nan
84,40,0
7,65,7
69,63,nan
13,34,0
22,36,0
86,34,0
59,32,59
45,73,nan
58,80,nan
12,67,0
79,29,0
79,62,0
3,38,3
77,80,nan
51,76,nan
92,15,92
7,64,7
56,14,56
57,23,57
52,32,nan
95,43,0
79,89,nan
41,92,41
18,0,0
30,23,nan
14,2,0
33,46,33
46,71,nan
13,57,0
64,39,nan
38,34,nan
89,29,0
53,81,nan
1,23,0
77,27,0
5,19,0
3,39,3
80,94,0
63,40,nan
51,98,51
86,76,0
69,70,nan
16,3,0
1,72,1
28,7,28
10,92,0
27,69,0
33,49,nan
45,61,nan
10,90,0
78,96,0
50,72,nan
25,46,25
97,7,97
10,81,0
86,3,0
81,73,0
58,90,58
43,9,43
58,14,58
32,67,nan
48,60,nan
6,15,6
2,8,2
38,77,38
41,45,nan
24,94,0
50,65,nan
46,33,nan
84,28,0
17,23,0
53,87,nan
98,17,98
67,35,nan
6,88,0
94,23,0
43,47,nan
37,21,nan
38,21,nan
51,15,51
85,15,0
33,28,nan
51,68,nan
50,29,50
94,94,94
53,5,53
87,90,87
53,39,nan
82,64,0
62,71,nan
22,73,0
69,8,69
6,24,0
95,50,95
78,17,0
84,90,0
27,31,0
1,38,1
75,38,0
76,42,0
75,96,0
23,41,0
93,99,0
30,56,nan
76,40,0
59,74,nan
43,86,nan
28,94,0
4,47,0
8,86,0
83,29,0
90,45,90
53,35,nan
6,41,nan
22,41,0
48,43,nan
28,14,28
32,73,0
58,13,58
47,80,nan
48,51,nan
48,37,nan
20,11,0
87,95,0
53,43,nan
74,50,0
16,32,0
69,21,69
15,50,0
5,10,0
8,63,0
84,11,0
97,59,97
13,46,0
53,4,53
94,36,0
27,56,nan
89,81,0
9,60,0
39,22,nan
35,65,nan
90,72,0
34,71,nan
47,54,nan
79,58,0
93,39,93
22,35,0
5,55,0
2,84,2
21,73,0
7,44,nan
17,31,0
85,14,0
35,4,35
3,46,3
18,8,0
75,0,0
36,19,nan
89,61,0
80,33,0
94,48,0
99,59,99
32,34,nan
30,21,nan
25,16,0
72,36,0
29,80,0
76,65,0
34,8,34
51,33,nan
34,40,34
9,44,nan
31,75,31
54,98,54
55,87,nan
85,46,0
34,14,nan
90,68,0
46,61,nan
58,88,nan
35,16,nan
73,5,0
75,89,nan
22,58,0
70,97,0
23,31,0
22,81,0
5,57,0
87,92,0
28,96,28
94,98,0
90,83,90
54,22,54
88,66,0
78,14,0
5,71,5
86,15,0
59,52,nan
70,11,0
3,37,0
15,72,0
39,39,nan
82,37,0
13,17,0
10,62,0
69,25,0
12,2,0
30,24,nan
77,6,0
39,32,nan
85,73,0
90,73,0
96,35,96
45,86,nan
4,33,4
53,13,53
48,18,48
4,51,4
33,84,33
39,31,nan
77,99,0
85,85,0
89,87,0
62,42,nan
51,85,nan
26,36,0
45,66,nan
79,50,0
0,57,0
32,68,nan
87,50,0
11,73,0
88,85,0
78,81,nan
35,84,35
74,3,0
46,14,46
61,26,61
76,38,0
44,83,nan
1,30,0
65,91,65
25,50,0
81,14,0
75,68,0
10,43,nan
91,69,0
35,1,35
91,73,0
74,0,0
72,72,nan
97,79,97
67,42,nan
4,85,0
29,22,29
84,8,0
73,15,0
81,95,0
34,76,34
66,11,0
17,28,0
31,91,31
99,40,99
21,29,0
26,28,0
47,94,47
24,80,0
5,82,0
57,77,nan
2,26,2
68,93,0
51,21,51
21,79,0
38,0,38
48,87,nan
51,89,nan
38,94,38
59,16,59
24,78,0
88,15,0
58,56,nan
37,32,nan
53,12,53
94,28,94
54,76,nan
72,94,0
0,22,0
91,57,91
7,17,0
31,18,nan
7,31,0
40,54,nan
40,78,nan
45,88,nan
20,56,0
87,56,0
61,11,0
87,33,87
64,99,0
70,55,0
25,1,25
90,58,90
0,67,0
75,63,0
5,62,0
65,11,0
53,32,53
17,56,0
0,91,0
49,71,nan
81,45,0
78,37,0
90,35,0
25,67,0
79,75,0
85,26,0
23,18,0
86,32,0
7,50,0
37,58,nan
59,56,nan
28,98,0
59,57,nan
75,67,0
10,60,0
7,47,0
12,55,0
70,18,0
59,20,59
75,88,nan
78,94,0
9,87,0
80,58,0
2,69,0
41,44,nan
63,7,63
6,87,0
86,17,0
59,28,59
0,84,0
63,54,nan
76,31,0
74,58,0
26,64,nan
41,86,nan
66,70,nan
6,65,6
83,57,0
74,22,0
77,87,nan
41,58,nan
58,89,nan
20,48,0
52,24,52
38,44,38
43,10,43
47,66,nan
22,24,0
11,30,0
42,46,nan
64,49,nan
44,66,nan
72,48,0
5,79,0
60,93,60
87,85,0
52,40,nan
31,36,0
87,2,87
24,50,0
87,0,0
73,52,0
52,26,52
23,1,0
86,30,0
70,74,nan
79,87,nan
48,64,nan
95,15,95
28,67,nan
50,60,nan
12,63,0
47,17,47
37,6,37
42,82,nan
10,42,nan
7,61,0
87,5,0
24,61,0
83,15,0
70,56,0
9,26,0
5,53,0
88,35,0
23,71,0
91,13,91
46,50,nan
85,54,0
8,38,nan
23,90,0
19,92,0
64,78,nan
29,32,29
77,17,0
82,97,0
7,5,0
29,83,29
68,14,68
21,75,0
74,35,0
64,68,nan
67,30,0
94,93,0
14,57,0
53,76,nan
61,40,nan
0,89,0
1,73,0
88,89,88
97,47,97
18,19,0
90,40,90
29,87,0
95,39,95
43,35,nan
35,86,35
77,67,0
69,54,nan
85,63,0
93,2,93
84,51,0
93,79,0
61,13,61
21,72,0
18,38,0
71,57,0
15,25,0
31,61,nan
57,83,nan
13,61,0
55,82,nan
93,90,93
70,90,70
14,36,0
8,17,0
59,10,59
49,63,nan
15,7,0
51,87,nan
31,6,31
52,52,nan
54,95,54
9,34,0
49,93,49
5,59,5
92,43,0
28,85,0
92,59,92
37,14,37
81,2,0
74,89,nan
61,24,0
92,96,92
68,81,nan
46,32,nan
64,33,64
48,56,nan
2,81,0
44,27,nan
63,55,nan
81,62,0
6,7,6
54,86,nan
67,46,nan
10,63,0
81,55,0
82,19,0
15,37,0
0,47,0
67,92,0
5,2,5
31,29,nan
37,5,37
25,6,0
84,88,0
18,87,0
54,5,54
4,74,0
35,37,nan
39,15,39
2,5,0
91,95,91
59,55,nan
95,31,95
35,42,35
41,21,nan
29,89,29
77,97,0
27,6,0
51,77,nan
56,37,nan
89,84,89
85,62,0
57,98,57
57,56,nan
26,17,0
38,14,38
81,36,0
60,28,60
52,56,nan
17,37,0
92,22,92
29,51,nan
67,29,0
94,73,0
78,77,0
26,2,26
83,31,0
85,38,0
56,43,nan
83,4,0
88,10,0
1,61,0
22,8,0
16,40,0
36,23,nan
96,45,96
18,27,0
7,83,7
11,35,0
76,85,nan
97,44,97
52,45,nan
53,24,53
35,81,35
72,85,nan
93,53,93
17,51,0
50,48,nan
69,59,nan
31,57,nan
6,18,0
15,88,0
90,66,0
24,34,0
73,68,0
40,71,nan
54,79,nan
90,37,0
15,16,0
69,9,0
16,59,0
79,8,0
61,72,nan
30,50,nan
51,95,51
78,1,0
22,55,0
72,96,0
13,60,0
17,11,0
76,1,0
41,95,41
60,29,60
93,40,93
92,97,92
68,51,nan
40,81,nan
60,92,60
70,22,0
76,69,0
82,33,0
49,82,nan
14,66,0
92,18,0
72,70,0
14,17,0
44,74,nan
18,3,0
1,64,1
98,94,98
27,32,27
21,85,0
10,55,0
61,0,61
36,5,36
22,53,0
31,44,31
47,55,nan
95,82,95
96,82,96
36,31,nan
58,55,nan
6,43,nan
87,74,0
52,53,nan
69,11,0
44,63,nan
92,80,0
81,12,0
62,68,nan
34,90,34
89,95,89
19,87,0
9,67,0
42,69,nan
10,11,0
8,31,0
35,20,nan
32,47,32
68,54,nan
52,91,52
77,61,0
73,53,0
24,46,24
78,26,0
65,38,nan
98,64,98
4,40,4
92,70,92
64,97,64
80,38,0
51,3,51
8,10,0
20,97,0
73,7,0
17,78,0
40,74,nan
90,51,90
81,16,0
29,69,nan
65,54,nan
76,91,0
20,36,0
13,77,0
30,91,30
49,23,49
42,16,42
42,64,nan
46,31,nan
49,81,nan
16,49,0
85,98,0
30,3,30
74,69,0
90,98,0
73,85,nan
65,55,nan
41,56,nan
67,45,nan
71,18,0
11,76,0
77,55,0
38,7,38
87,82,0
60,95,60
16,81,0
23,0,0
95,14,95
87,41,0
95,12,95
33,31,nan
15,36,0
42,30,nan
18,94,0
2,20,2
65,18,0
6,94,0
45,90,45
25,48,0
69,10,0
26,61,nan
49,7,49
74,7,0
22,25,0
56,77,nan
91,22,0
67,94,0
21,13,0
4,49,0
47,73,nan
0,80,0
90,48,0
10,41,nan
1,63,1
58,66,nan
81,80,0
20,46,0
63,33,63
3,31,0
54,2,54
49,40,nan
13,68,0
94,10,0
41,84,nan
99,78,99
85,21,0
6,69,0
75,52,0
27,66,nan
17,35,0
3,3,3
97,18,97
63,91,63
23,60,0
3,53,3
59,19,59
75,5,0
31,15,nan
38,79,38
44,28,nan
10,34,0
12,35,0
69,60,nan
10,72,0
10,31,0
58,26,58
75,40,0
60,41,nan
21,32,0
30,12,nan
22,9,0
44,92,44
64,52,nan
36,45,36
58,4,58
96,0,96
47,49,nan
50,90,50
51,74,nan
50,17,50
80,64,0
7,30,0
67,11,0
96,72,96
87,13,0
43,11,43
35,22,nan
11,81,0
28,72,28
41,63,nan
2,59,2
10,86,0
65,5,0
7,8,7
38,22,nan
11,12,0
44,80,nan
64,79,nan
26,44,0
40,46,nan
61,92,61
39,54,nan
5,45,5
62,20,62
53,93,53
5,51,5
39,95,39
91,30,0
23,80,0
71,2,0
65,58,nan
42,93,42
21,6,0
72,32,0
96,83,96
90,46,90
16,21,0
31,53,nan
66,22,0
26,43,0
48,7,48
99,7,99
23,27,0
6,92,0
82,1,0
74,21,0
75,83,nan
22,32,0
26,5,0
10,88,0
23,33,23
89,43,0
37,96,37
16,19,0
52,81,nan
76,68,0
61,28,61
54,38,nan
82,27,0
62,21,62
94,47,94
25,18,0
65,28,65
42,44,nan
4,24,0
44,61,nan
75,43,0
29,45,29
71,40,0
37,71,nan
86,38,0
92,62,0
89,73,0
39,97,39
15,62,0
12,96,0
86,86,0
26,75,0
2,86,0
14,9,0
91,83,91
79,54,0
45,83,nan
80,3,0
80,44,0
22,98,0
93,33,93
98,15,98
24,81,0
56,17,56
48,6,48
27,13,27
37,4,37
36,54,nan
18,42,0
9,27,0
1,77,1
62,30,0
56,68,nan
42,14,42
90,71,90
6,72,0
58,32,58
88,47,0
98,98,98
93,63,93
67,93,0
63,48,nan
19,31,0
26,32,26
74,81,nan
65,66,nan
51,86,nan
66,41,nan
48,27,48
54,63,nan
55,14,55
70,99,0
0,10,0
86,64,0
11,51,0
53,85,nan
19,65,0
3,50,0
67,3,0
69,13,0
90,28,0
12,31,0
40,59,nan
69,41,nan
3,94,0
96,96,96
91,28,91
89,30,0
65,30,0
64,95,64
69,90,69
36,32,nan
93,25,93
74,67,0
99,20,99
13,81,0
68,24,0
80,55,0
6,20,6
87,97,0
19,40,0
62,22,62
65,53,nan
58,53,nan
4,82,4
18,43,0
0,96,0
99,95,99
53,23,53
96,97,96
98,33,98
14,20,0
58,40,nan
43,13,43
26,78,0
99,11,99
6,38,nan
76,87,nan
50,93,50
2,90,2
70,5,0
66,42,nan
2,29,0
37,15,37
75,12,0
34,21,nan
16,66,0
30,15,nan
77,72,0
72,60,0
85,81,0
94,4,0
61,77,nan
72,61,0
92,14,92
94,42,0
93,75,0
63,53,nan
99,82,99
33,93,0
39,20,nan
15,46,0
98,77,98
62,48,nan
99,34,99
56,57,nan
24,18,0
18,74,0
87,24,0
24,30,0
11,96,0
21,63,0
89,94,0
27,43,0
69,45,nan
84,18,0
80,35,0
59,54,nan
73,62,0
60,89,60
83,79,0
53,92,53
96,59,96
46,1,46
18,56,0
38,31,nan
4,69,0
90,56,0
98,42,98
9,0,0
3,33,3
3,56,0
94,65,94
19,72,0
0,74,0
43,81,nan
97,48,97
65,63,nan
2,95,2
72,53,0
69,46,nan
57,67,nan
12,46,0
46,38,nan
83,86,0
16,57,0
97,84,97
58,79,nan
88,94,0
25,49,0
7,15,0
25,26,25
11,74,0
12,15,0
2,46,2
46,91,46
19,16,0
48,45,nan
26,30,0
67,84,nan
18,90,0
31,86,0
56,97,56
46,82,nan
10,29,0
95,10,95
99,25,99
57,10,57
39,63,nan
99,14,99
36,36,nan
66,76,nan
23,78,0
31,13,nan
27,64,nan
52,41,nan
99,55,99
83,48,0
28,69,nan
84,68,0
41,50,nan
39,53,nan
40,50,nan
36,62,nan
3,8,3
28,38,28
9,4,0
52,63,nan
99,35,99
71,34,0
77,50,0
6,57,0
11,18,0
87,96,87
55,86,nan
82,39,0
65,85,nan
7,78,0
54,84,nan
25,7,0
48,72,nan
73,19,0
61,86,0
42,0,42
38,90,38
89,66,0
95,54,95
53,61,nan
26,81,0
50,89,nan
56,25,56
85,84,0
70,30,0
5,32,5
83,19,0
78,32,0
25,54,0
48,65,nan
74,37,0
46,49,nan
45,38,nan
67,75,nan
78,84,nan
93,52,93
37,18,nan
64,64,nan
34,64,nan
67,21,67
31,84,31
44,87,nan
17,74,0
94,32,94
17,33,0
65,36,nan
49,99,49
3,66,0
54,71,nan
91,88,0
25,30,0
64,37,nan
23,68,0
76,9,0
73,97,0
45,10,45
36,30,nan
97,14,97
53,47,nan
40,5,40
41,75,nan
40,12,40
50,4,50
48,49,nan
55,11,55
67,25,0
15,14,0
11,83,0
31,94,31
30,71,nan
24,79,0
98,25,98
97,81,97
15,12,0
80,80,0
51,32,nan
57,93,57
5,92,0
4,66,0
81,70,0
75,7,0
22,50,0
30,65,nan
89,22,0
29,11,0
21,40,0
46,54,nan
36,86,36
4,30,0
27,7,27
50,0,50
9,15,0
23,43,0
32,79,32
28,79,0
41,37,nan
14,58,0
49,51,nan
92,52,92
54,65,nan
37,11,37
73,95,0
28,88,0
70,9,0
2,83,2
26,76,26
56,42,nan
15,20,0
53,84,nan
54,51,nan
23,91,0
94,43,0
78,52,0
88,91,0
87,51,0
71,65,0
16,28,0
50,27,50
26,59,nan
83,84,0
58,21,58
16,94,0
64,9,64
48,52,nan
9,12,0
61,9,61
3,52,3
92,90,92
47,60,nan
14,14,0
67,7,67
19,6,0
51,4,51
44,53,nan
74,61,0
71,53,0
52,30,52
31,99,0
72,92,0
78,65,0
89,55,0
2,74,0
69,5,0
42,20,42
25,43,0
42,13,42
82,23,0
81,98,0
23,20,0
75,71,0
53,7,53
59,35,59
73,61,0
89,7,89
11,36,nan
61,30,0
73,47,0
51,42,nan
57,76,nan
11,50,0
85,86,0
96,11,0
83,26,0
72,37,0
25,59,0
66,9,66
88,28,0
96,51,96
93,22,93
96,8,96
41,77,nan
26,66,0
83,53,0
20,50,0
99,54,99
60,87,60
79,79,nan
55,46,nan
25,20,25
94,29,0
12,6,0
94,70,94
23,12,0
8,79,0
57,25,57
20,98,0
26,99,0
3,25,0
97,37,97
2,1,2
40,58,nan
52,18,52
32,38,32
23,21,0
25,25,0
26,90,26
34,38,nan
64,23,0
11,33,0
8,4,0
11,67,0
33,3,33
48,59,nan
95,46,95
91,34,91
7,37,nan
30,6,0
44,93,44
86,46,0
22,44,0
46,22,46
1,3,1
38,32,nan
90,43,0
56,99,56
11,95,0
63,6,63
63,16,63
76,23,0
99,75,99
48,92,48
24,7,0
2,49,0
80,98,0
2,92,0
45,9,45
56,85,nan
27,89,27
15,0,0
10,84,0
57,12,57
52,97,52
9,83,0
6,4,0
71,61,0
90,11,0
76,41,0
23,38,0
73,57,0
89,67,0
33,51,nan
74,46,0
93,6,0
76,61,0
79,28,0
69,16,0
57,27,57
61,1,61
78,49,0
18,50,0
66,67,nan
59,66,nan
54,77,nan
23,6,0
27,1,27
50,37,nan
13,83,0
70,79,nan
37,2,37
69,68,nan
30,40,30
50,82,nan
30,57,nan
97,24,97
24,33,24
62,97,62
8,37,nan
18,45,0
39,17,39
20,93,0
76,47,0
86,59,0
13,27,0
48,54,nan
18,2,0
14,88,0
97,4,97
59,99,59
88,39,88
31,4,0
51,82,nan
92,7,92
99,72,99
20,64,0
13,20,0
63,13,63
40,60,nan
72,63,0
56,56,nan
83,12,0
3,17,0
23,42,0
46,87,nan
25,47,0
23,37,0
55,8,55
78,83,nan
62,34,62
65,74,nan
75,87,nan
92,95,92
0,34,0
25,17,0
46,66,nan
89,72,0
75,39,0
90,4,0
45,25,nan
53,42,nan
76,81,nan
86,35,0
75,18,0
64,10,0
83,7,0
0,31,0
77,14,0
99,50,99
21,7,0
38,17,38
50,25,50
20,51,0
53,60,nan
11,40,nan
67,8,67
85,79,0
95,92,0
11,15,0
30,43,0
34,15,nan
27,14,27
43,70,nan
30,81,0
43,30,nan
11,14,0
20,0,0
70,98,0
37,89,37
25,78,0
68,35,nan
17,70,0
29,78,29
70,62,0
78,28,0
44,42,nan
96,92,96
82,92,0
44,94,44
31,47,31
46,55,nan
2,94,0
91,3,91
56,92,56
56,66,nan
24,92,0
27,8,27
23,95,0
57,30,57
15,83,0
32,20,nan
20,84,0
61,54,nan
84,49,0
45,99,45
58,11,58
61,34,61
54,78,nan
27,38,0
13,48,0
65,25,0
14,76,0
43,0,43
4,26,4
92,79,0
41,64,nan
41,20,41
49,4,49
51,91,51
48,71,nan
57,0,57
88,46,88
6,86,0
25,19,0
17,12,0
90,6,0
90,27,90
95,56,95
61,5,0
20,12,0
38,26,nan
25,62,0
15,63,0
53,64,nan
20,35,0
11,59,0
88,59,0
9,79,0
92,26,92
31,2,31
50,99,50
98,68,98
37,80,37
74,99,0
69,33,nan
10,68,0
9,91,0
30,42,0
60,91,60
28,48,0
12,95,0
70,26,0
29,3,29
41,33,nan
23,59,0
14,10,0
21,53,0
83,82,0
29,73,0
5,22,0
83,85,0
96,75,96
42,49,nan
1,0,1
78,21,0
95,23,0
37,16,37
36,35,nan
49,73,nan
27,21,27
97,74,97
10,37,nan
91,99,0
42,71,nan
90,93,0
38,29,nan
64,83,nan
50,23,50
20,10,0
9,65,0
41,73,nan
84,10,0
67,90,67
2,25,0
35,34,nan
35,59,nan
68,52,nan
26,98,0
28,30,0
73,77,nan
11,68,0
1,25,1
85,32,0
50,87,nan
57,50,nan
76,67,0
64,8,64
52,69,nan
51,97,51
90,1,90
50,5,50
60,60,nan
82,42,0
57,39,nan
75,21,0
46,90,46
25,8,25
77,16,0
25,58,25
12,9,0
33,89,33
49,84,nan
12,58,0
79,76,0
88,14,88
51,72,nan
2,77,2
61,96,61
81,33,0
58,34,58
39,34,nan
19,29,0
73,46,0
58,72,nan
84,99,0
48,42,nan
21,39,0
40,43,nan
56,89,nan
28,3,0
36,85,36
61,69,nan
63,80,nan
38,11,38
6,47,0
76,59,0
8,3,0
61,99,0
36,57,nan
57,89,nan
93,0,93
26,25,0
10,18,0
90,29,0
92,48,0
2,99,0
86,31,0
11,70,0
37,98,37
15,61,0
56,73,nan
57,6,57
0,29,0
21,90,0
9,99,0
23,46,0
24,48,0
91,63,91
75,90,0
44,60,nan
1,36,0
94,87,0
23,66,0
65,77,nan
63,94,63
47,35,nan
84,53,0
95,26,95
23,76,0
46,2,46
42,38,nan
12,94,0
11,79,0
15,44,0
45,3,45
23,53,0
16,64,0
42,40,nan
39,55,nan
67,64,nan
25,86,0
24,4,0
59,27,59
95,59,95
40,51,nan
95,36,0
33,8,33
44,17,44
91,66,0
32,96,32
46,98,46
59,85,nan
35,33,nan
44,64,nan
82,44,0
88,71,88
85,68,0
70,60,0
79,55,0
29,35,0
91,70,91
39,25,nan
73,98,0
19,2,0
33,42,0
50,91,50
84,1,0
40,28,nan
18,75,0
21,12,0
94,8,94
11,21,0
72,46,0
32,40,32
86,18,0
88,72,0
0,88,0
61,18,61
96,68,0
30,64,nan
13,37,nan
5,1,5
71,92,0
70,41,0
80,90,0
65,20,65
4,48,0
69,64,nan
27,29,0
97,42,97
28,20,28
18,37,0
25,22,0
29,27,29
29,61,nan
90,31,0
53,53,nan
26,53,0
39,61,nan
54,0,54
76,55,0
11,10,0
81,15,0
56,18,56
87,63,0
14,4,0
69,78,nan
76,82,nan
87,39,87
43,65,nan
12,48,0
78,99,0
95,72,95
34,13,34
14,62,0
85,18,0
66,47,nan
82,34,0
53,14,53
94,1,94
3,47,3
62,2,62
80,70,0
29,63,nan
87,72,0
42,99,42
80,96,0
41,14,41
61,17,0
21,70,0
17,19,0
95,27,95
67,5,0
16,67,0
26,91,0
49,39,nan
72,83,nan
95,94,95
76,63,0
71,88,nan
70,82,nan
16,51,0
78,68,0
69,86,nan
35,74,nan
91,1,91
79,51,0
26,92,0
96,38,96
33,36,nan
51,70,nan
86,48,0
31,95,31
54,15,54
53,59,nan
72,17,0
92,87,0
89,93,0
0,2,0
86,41,0
85,74,0
18,77,0
89,97,0
1,2,1
84,38,0
6,33,6
84,69,0
91,47,0
88,17,0
37,73,nan
72,11,0
70,66,0
26,14,26
12,20,0
46,73,nan
3,65,3
72,33,0
18,71,0
93,69,93
40,52,nan
70,58,70
33,75,33
86,82,0
5,49,0
59,92,59
77,52,0
36,78,36
22,11,0
60,42,nan
17,3,0
30,84,30
86,27,0
83,21,0
80,32,0
3,95,3
61,12,61
38,2,38
45,68,nan
24,24,0
40,7,40
35,52,nan
19,80,0
64,44,nan
56,44,nan
49,24,49
90,8,90
0,8,0
91,7,91
14,54,0
34,78,34
84,80,0
85,93,0
11,94,0
34,55,nan
60,20,60
15,47,0
37,7,37
75,57,0
93,97,93
27,30,0
87,49,0
45,42,nan
30,67,nan
35,26,nan
41,32,nan
48,83,nan
71,55,0
67,71,nan
33,68,nan
32,90,32
67,82,nan
11,84,0
43,3,43
46,52,nan
27,94,0
7,41,nan
52,8,52
9,31,0
27,99,0
66,63,nan
25,69,0
69,28,0
37,74,nan
83,11,0
87,64,87
13,6,0
47,21,47
73,44,0
55,95,55
35,58,nan
37,27,nan
10,54,0
36,28,nan
58,82,nan
27,86,0
35,21,nan
29,72,29
6,16,0
68,82,nan
59,64,nan
23,56,0
34,46,34
31,23,nan
72,42,0
37,10,37
22,60,0
0,81,0
25,10,0
50,85,nan
52,50,nan
86,74,0
62,98,62
35,41,35
75,93,0
79,25,0
51,24,51
72,38,0
68,75,nan
84,35,0
19,84,0
33,57,nan
47,61,nan
32,28,nan
14,45,0
3,73,0
70,69,0
36,21,nan
64,1,64
2,96,2
59,53,nan
64,0,64
36,0,36
62,39,nan
48,15,48
19,77,0
7,67,0
86,40,0
54,25,54
2,62,0
57,59,nan
54,48,nan
2,56,0
98,40,98
38,71,nan
50,70,nan
94,85,94
75,58,0
73,4,0
23,26,0
48,50,nan
48,36,nan
81,92,0
7,92,0
22,12,0
44,91,44
79,77,0
6,98,0
18,93,0
1,6,1
58,24,58
74,54,0
52,44,nan
51,63,nan
0,27,0
91,55,0
86,80,0
54,56,nan
84,74,0
67,17,0
19,26,0
77,63,0
93,5,0
79,7,0
49,0,49
68,76,nan
9,74,0
10,16,0
1,91,1
88,97,0
82,49,0
19,47,0
10,52,0
26,83,26
96,18,96
3,70,3
95,88,95
61,42,nan
24,62,0
9,13,0
86,92,0
74,80,nan
73,81,nan
5,63,0
56,40,nan
31,65,nan
41,8,41
20,68,0
10,19,0
51,69,nan
54,91,54
8,1,0
72,44,0
22,38,0
52,65,nan
78,87,nan
14,73,0
97,51,97
80,54,0
13,10,0
69,6,0
92,27,92
62,10,62
39,27,nan
7,11,0
54,97,54
9,78,0
27,49,0
24,35,0
89,54,0
86,57,0
12,47,0
18,40,0
22,27,0
34,36,nan
6,13,0
8,23,0
86,29,0
28,57,nan
12,41,nan
56,80,nan
15,82,0
19,17,0
30,60,nan
46,83,nan
50,76,nan
81,58,0
88,0,0
27,51,27
70,47,0
90,95,90
60,39,nan
1,11,0
88,23,0
4,46,4
74,6,0
24,60,0
60,71,nan
10,99,0
14,86,0
48,78,nan
34,83,34
87,47,0
18,44,0
51,51,nan
70,33,70
32,87,0
16,33,0
23,70,0
99,98,99
80,84,0
59,9,59
18,55,0
93,30,0
44,40,nan
27,93,0
25,87,0
63,59,nan
62,8,62
37,99,37
45,39,nan
84,93,0
22,86,0
18,99,0
33,0,33
26,46,26
56,86,nan
77,98,0
88,8,88
49,77,nan
68,4,0
21,62,0
1,84,1
39,41,nan
78,29,0
15,77,0
70,91,0
13,76,0
19,71,0
15,60,0
84,67,0
96,93,0
17,93,0
9,42,nan
93,38,93
15,31,0
44,90,44
36,71,nan
78,19,0
59,78,nan
67,15,67
36,7,36
56,78,nan
10,33,0
31,39,31
7,98,0
38,54,nan
68,58,nan
75,78,nan
66,69,nan
18,82,0
3,59,3
15,74,0
31,50,nan
49,96,49
78,76,0
38,43,38
87,67,0
50,31,nan
52,71,nan
65,9,65
96,57,96
31,11,nan
4,73,0
46,58,nan
56,51,nan
21,26,0
96,58,96
25,29,0
25,40,25
30,96,30
86,16,0
34,42,34
34,61,nan
89,71,89
84,94,0
43,1,43
38,65,nan
36,44,36
66,78,nan
70,57,0
22,89,0
29,49,0
60,94,60
56,9,56
62,75,nan
95,68,0
2,36,0
46,76,nan
71,22,0
73,75,nan
57,79,nan
23,22,0
1,81,0
40,69,nan
56,38,nan
77,22,0
30,78,30
79,59,0
43,20,43
64,19,64
17,80,0
76,5,0
60,88,60
95,79,95
86,70,0
91,6,0
10,17,0
83,5,0
62,35,62
12,49,0
43,40,nan
99,64,99
47,1,47
58,59,nan
54,74,nan
97,89,97
62,11,0
70,86,nan
60,15,60
51,47,nan
50,10,50
71,7,0
89,64,89
11,64,0
60,38,nan
58,31,58
57,3,57
15,15,0
65,2,65
36,20,nan
55,16,55
57,26,57
72,8,0
47,85,nan
22,49,0
75,36,0
0,64,0
60,43,nan
40,88,nan
13,53,0
21,38,0
58,83,nan
76,45,0
61,57,nan
57,68,nan
64,98,0
62,13,62
5,83,5
25,52,25
2,33,2
75,59,0
58,61,nan
32,66,nan
94,77,94
12,13,0
23,40,0
27,53,nan
47,37,nan
50,16,50
65,56,nan
49,85,nan
24,28,0
30,95,30
84,83,0
23,88,0
45,12,45
87,88,0
20,4,0
64,75,nan
19,70,0
1,55,0
28,83,28
46,75,nan
30,7,30
18,14,0
10,36,nan
71,30,0
90,23,0
16,10,0
22,84,0
17,73,0
39,6,39
58,74,nan
22,26,0
90,62,0
72,43,0
13,29,0
86,54,0
92,30,0
3,5,0
47,86,nan
63,85,63
31,81,0
40,66,nan
27,79,0
13,28,0
23,83,0
14,51,0
81,75,0
65,70,nan
98,97,98
36,93,36
78,8,0
33,60,nan
42,47,nan
41,13,41
80,83,0
10,9,0
96,65,96
52,23,52
28,27,28
76,22,0
29,67,nan
64,92,0
12,32,0
93,48,0
93,76,93
77,45,0
22,65,0
71,72,nan
56,11,56
15,6,0
45,50,nan
78,75,0
57,44,nan
89,83,89
0,73,0
99,45,99
71,67,0
14,99,0
69,74,nan
59,77,nan
69,98,0
99,30,99
73,54,0
38,96,38
2,30,0
24,52,24
91,93,0
87,9,0
15,71,0
49,59,nan
33,61,nan
6,12,0
72,50,0
79,91,0
15,49,0
15,41,0
83,64,0
24,3,0
1,12,0
38,40,nan
37,76,37
93,74,0
96,52,96
23,9,0
1,49,0
66,94,0
6,26,6
9,61,0
61,46,nan
83,52,0
5,38,0
69,42,nan
18,35,0
35,51,nan
54,11,54
73,26,0
83,33,0
39,18,39
38,5,38
69,43,nan
41,0,41
88,64,88
66,68,nan
66,98,0
91,9,91
88,58,88
41,51,nan
42,33,nan
31,87,0
15,17,0
91,89,91
73,39,0
63,43,nan
47,74,nan
93,31,0
0,56,0
52,67,nan
16,35,0
78,22,0
90,53,90
34,49,nan
46,60,nan
53,6,53
30,85,30
83,67,0
7,68,0
36,58,nan
43,29,nan
38,76,38
38,41,nan
26,73,0
60,82,nan
42,36,nan
1,43,0
85,67,0
15,95,0
81,10,0
83,71,0
40,75,nan
68,84,nan
17,41,0
71,20,0
53,55,nan
79,63,0
79,39,0
91,77,91
4,84,4
54,10,54
47,93,47
64,36,nan
69,26,69
19,9,0
8,71,8
20,39,0
6,19,0
18,80,0
83,32,0
28,81,0
70,2,70
5,50,0
99,92,99
45,0,45
74,72,0
60,55,nan
36,80,36
24,29,0
37,36,nan
97,53,97
98,43,98
4,78,4
58,86,nan
68,45,nan
76,27,0
50,50,nan
93,96,93
18,95,0
70,68,0
60,26,60
86,61,0
15,79,0
35,6,35
5,41,0
62,28,62
73,24,0
37,13,37
18,21,0
89,65,89
98,45,98
46,18,46
52,21,52
31,5,0
22,23,0
26,34,0
4,93,0
55,62,nan
8,72,0
35,73,nan
71,63,0
90,39,90
11,86,0
34,4,34
19,88,0
45,41,nan
49,64,nan
17,42,0
31,66,nan
16,72,0
19,94,0
64,88,64
68,83,nan
96,22,96
34,81,34
50,58,nan
42,21,42
68,47,nan
55,42,nan
93,36,0
30,73,0
36,60,nan
45,93,45
58,91,58
71,50,0
42,87,nan
85,82,0
23,3,0
47,56,nan
69,0,0
25,90,25
26,41,0
42,88,nan
29,86,0
2,14,2
60,84,60
82,22,0
22,1,0
86,67,0
98,20,98
47,22,47
51,34,nan
91,67,0
19,25,0
53,99,53
40,34,nan
97,25,97
17,46,0
85,96,0
26,63,nan
19,55,0
34,1,34
7,26,0
37,69,nan
46,79,nan
69,88,0
78,63,0
94,89,94
22,83,0
4,27,4
46,6,46
95,83,95
92,86,0
95,2,95
44,29,nan
54,94,54
94,86,0
85,13,0
4,56,0
50,32,nan
33,26,nan
26,24,0
70,6,0
21,82,0
42,67,nan
84,20,0
50,68,nan
67,48,nan
73,34,0
15,93,0
27,61,nan
46,15,46
18,98,0
98,11,98
56,4,56
45,79,nan
96,24,0
59,83,nan
77,96,0
96,10,96
6,37,nan
48,48,nan
89,89,89
93,83,93
65,69,nan
52,3,52
44,71,nan
9,7,0
95,90,95
4,89,4
62,79,nan
24,99,0
62,0,62
4,80,0
41,46,nan
72,62,0
18,24,0
83,23,0
82,32,0
28,1,28
8,27,8
87,71,87
18,30,0
27,71,27
75,28,0
7,19,0
3,69,0
13,82,0
29,40,29
28,34,28
56,52,nan
62,18,0
69,75,nan
30,62,nan
27,88,0
25,24,0
30,5,0
46,0,46
99,0,99
92,84,92
21,92,0
53,68,nan
36,50,nan
85,50,0
80,97,0
6,31,0
5,88,0
95,55,0
21,41,0
2,11,0
59,3,59
36,16,nan
67,98,0
94,38,94
17,92,0
94,22,94
65,27,65
31,96,31
68,1,68
59,43,nan
21,5,0
19,86,0
23,64,0
0,15,0
87,1,87
46,27,nan
0,20,0
6,79,0
99,51,99
72,74,nan
73,84,nan
1,22,1
65,26,65
86,12,0
75,51,0
23,2,0
51,39,nan
56,10,56
32,50,nan
39,86,39
24,42,0
57,94,57
80,7,0
52,35,nan
69,24,0
19,3,0
37,41,nan
73,38,0
86,21,0
50,51,nan
40,86,nan
81,39,0
58,18,58
53,21,53
66,66,nan
12,36,nan
86,93,0
56,58,nan
98,92,98
23,50,0
93,37,0
29,16,0
49,50,nan
85,66,0
92,32,92
87,94,0
10,39,nan
53,82,nan
96,80,0
81,87,0
20,90,0
10,78,0
51,60,nan
48,13,48
21,3,0
63,11,0
45,7,45
35,62,nan
22,61,0
34,12,34
18,5,0
33,97,33
29,1,29
85,1,0
68,13,0
92,89,92
21,96,0
22,10,0
73,48,0
65,12,0
9,20,0
94,34,94
66,97,66
9,8,0
15,56,0
25,36,0
47,14,47
59,48,nan
48,24,48
78,56,0
56,6,56
48,93,48
13,12,0
96,17,0
19,76,0
66,65,nan
70,10,0
2,43,0
34,52,nan
39,98,39
99,9,99
57,64,nan
95,93,0
76,94,0
68,28,0
71,86,nan
19,14,0
44,35,nan
20,45,0
48,2,48
73,18,0
91,19,91
13,55,0
12,75,0
9,1,0
99,67,99
93,84,93
2,57,2
95,19,95
3,60,0
7,95,0
98,0,98
54,83,nan
15,39,0
83,80,0
3,89,3
56,5,56
80,91,0
61,49,nan
82,83,0
62,5,0
64,53,nan
84,22,0
81,24,0
55,75,nan
95,80,0
1,31,0
15,2,0
47,13,47
47,62,nan
26,72,0
94,55,0
34,27,nan
67,23,0
5,14,5
88,5,0
52,80,nan
76,18,0
78,10,0
89,56,0
45,28,nan
40,24,nan
17,36,0
74,44,0
82,59,0
85,61,0
26,69,0
75,61,0
97,69,97
55,61,nan
63,78,nan
15,13,0
68,61,nan
79,18,0
85,77,0
84,59,0
22,13,0
21,71,0
1,33,1
97,80,97
90,54,0
27,91,0
2,53,2
72,99,0
43,46,nan
0,11,0
57,63,nan
78,64,0
14,48,0
50,35,nan
65,16,0
79,1,0
89,76,89
32,41,32
34,86,34
58,71,nan
10,83,0
31,45,31
92,25,0
67,99,0
63,81,nan
34,11,34
82,47,0
87,36,0
32,48,nan
63,20,63
20,6,0
96,36,0
8,64,0
16,71,0
7,48,0
49,37,nan
7,27,7
4,87,0
83,66,0
85,39,0
38,70,nan
36,8,36
79,40,0
50,84,nan
54,35,nan
3,81,0
32,63,nan
15,45,0
53,40,nan
23,49,0
22,16,0
49,57,nan
35,79,35
29,0,29
77,89,nan
91,80,0
74,34,0
8,75,0
0,13,0
53,75,nan
43,89,nan
59,81,nan
97,57,97
65,86,0
11,92,0
78,18,0
53,44,nan
78,35,0
58,7,58
26,60,nan
55,18,55
74,85,nan
89,39,89
43,64,nan
63,21,63
21,64,0
41,94,41
27,90,27
85,69,0
18,36,0
54,36,nan
32,70,nan
29,57,nan
12,1,0
61,3,61
9,77,0
0,5,0
90,76,90
68,27,68
82,43,0
40,25,nan
68,87,nan
35,28,nan
59,75,nan
99,63,99
44,68,nan
52,92,52
50,59,nan
58,16,58
44,47,nan
97,68,97
98,90,98
19,21,0
43,87,nan
44,52,nan
69,61,nan
20,62,0
50,79,nan
42,72,nan
50,43,nan
47,42,nan
32,92,0
91,26,91
46,67,nan
35,23,nan
96,1,96
42,48,nan
76,62,0
47,5,47
8,21,0
20,5,0
5,21,5
64,5,0
94,25,94
88,29,0
85,55,0
65,8,65
42,18,42
97,23,97
31,17,nan
14,1,0
98,58,98
3,45,3
90,17,0
96,33,96
37,3,37
51,36,nan
49,26,49
32,25,nan
66,56,nan
43,82,nan
70,76,nan
0,93,0
41,53,nan
99,44,99
81,79,0
50,67,nan
13,40,nan
46,3,46
66,77,nan
72,89,0
0,83,0
45,51,nan
59,86,nan
97,98,97
92,33,92
57,2,57
70,89,70
59,6,59
78,9,0
21,87,0
7,18,0
96,87,96
14,55,0
63,8,63
74,27,0
86,20,0
69,12,0
54,12,54
23,84,0
16,39,0
51,37,nan
23,16,0
10,80,0
70,51,0
53,88,nan
3,35,0
33,18,nan
50,49,nan
94,9,94
50,44,nan
45,5,45
1,79,0
7,60,0
80,14,0
75,15,0
38,99,38
74,56,0
84,57,0
86,45,0
44,36,nan
68,50,nan
25,70,25
67,81,nan
68,63,nan
4,52,4
43,72,nan
73,33,0
53,20,53
99,17,99
41,91,41
64,85,nan
83,43,0
34,77,34
11,5,0
37,34,nan
98,18,98
6,83,6
24,13,0
80,59,0
32,31,nan
77,90,0
44,67,nan
22,67,0
81,44,0
42,32,nan
55,33,55
80,78,0
3,98,0
20,44,0
0,52,0
63,27,63
84,70,0
47,64,nan
10,1,0
45,17,45
80,27,0
62,9,62
33,90,33
65,92,0
49,6,49
32,72,nan
57,61,nan
49,65,nan
27,0,0
46,16,46
72,81,nan
57,87,nan
74,51,0
9,40,nan
55,37,nan
20,88,0
98,50,98
72,82,nan
14,13,0
0,25,0
5,89,5
2,88,2
48,80,nan
11,82,0
33,73,nan
4,6,0
58,63,nan
93,43,0
62,67,nan
89,47,0
20,8,0
99,28,99
22,52,0
5,9,0
54,24,54
92,38,92
88,92,0
83,20,0
55,50,nan
53,86,nan
26,94,0
90,78,90
57,97,57
48,85,nan
73,9,0
50,62,nan
49,17,49
14,21,0
82,94,0
10,70,0
96,42,0
36,92,36
35,60,nan
47,89,nan
26,39,26
27,15,27
72,23,0
99,62,99
22,7,0
91,46,91
34,37,nan
28,5,0
61,78,nan
14,98,0
57,34,57
61,37,nan
61,70,nan
19,10,0
19,13,0
49,90,49
45,72,nan
74,52,0
67,14,67
36,37,nan
96,94,96
6,68,0
45,69,nan
28,13,28
76,56,0
48,22,48
79,68,0
44,57,nan
25,63,0
25,82,0
64,4,0
50,80,nan
31,93,0
21,56,0
35,39,nan
75,56,0
58,1,58
21,17,0
4,12,0
37,24,nan
14,47,0
63,1,63
55,91,55
31,25,nan
58,28,58
13,3,0
97,36,97
74,68,0
66,30,0
53,72,nan
42,52,nan
55,44,nan
68,3,0
63,10,0
48,81,nan
59,30,59
85,11,0
36,51,nan
72,10,0
91,59,91
39,37,nan
52,75,nan
20,9,0
61,25,61
77,38,0
98,47,98
32,37,0
20,7,0
47,30,nan
62,36,nan
93,95,93
48,35,nan
76,84,nan
94,2,94
22,31,0
28,92,0
85,7,0
74,16,0
15,4,0
67,6,0
43,56,nan
37,23,nan
15,64,0
51,94,51
92,10,0
84,2,0
97,72,97
17,26,0
31,38,31
19,85,0
5,48,0
35,18,nan
83,58,0
5,94,0
28,15,28
36,72,nan
18,53,0
47,77,nan
28,40,28
63,19,63
50,61,nan
90,14,90
12,57,0
1,21,1
23,73,0
9,85,0
91,76,91
97,62,97
68,85,nan
80,43,0
30,9,30
99,13,99
61,65,nan
72,3,0
60,97,60
45,70,nan
11,45,0
76,54,0
38,92,38
26,45,26
47,40,nan
98,16,98
96,16,96
91,43,0
70,36,0
36,96,36
33,13,nan
51,40,nan
49,58,nan
42,76,nan
3,64,3
54,60,nan
23,19,0
98,74,98
48,31,nan
49,2,49
31,37,0
66,28,66
65,33,65
54,89,nan
1,68,0
67,74,nan
60,35,60
67,56,nan
95,16,95
84,98,0
17,14,0
24,55,0
14,26,0
19,79,0
53,69,nan
66,14,66
42,90,42
43,50,nan
31,58,nan
80,37,0
61,98,61
88,93,0
52,25,52
78,67,0
17,95,0
38,61,nan
73,42,0
17,67,0
45,85,nan
69,15,0
30,69,nan
24,8,24
62,58,nan
71,43,0
83,45,0
84,23,0
99,18,99
66,26,66
42,62,nan
22,93,0
45,77,nan
30,8,30
28,52,nan
62,83,nan
67,69,nan
55,79,nan
70,85,nan
82,67,0
32,78,32
98,4,98
34,66,nan
87,14,87
82,89,0
3,27,3
96,53,96
94,37,0
54,54,nan
5,36,0
12,42,nan
46,25,46
34,58,nan
92,78,92
90,84,90
37,45,37
88,61,0
96,79,96
65,22,65
31,97,31
59,0,59
27,52,27
39,83,39
68,2,68
35,87,35
94,58,94
52,59,nan
52,47,nan
99,37,99
1,52,1
23,86,0
98,88,98
14,75,0
66,31,0
10,61,0
1,70,1
17,99,0
58,95,58
5,68,0
54,32,54
91,27,91
52,83,nan
18,85,0
82,79,0
6,46,6
64,25,64
70,13,0
30,46,30
14,52,0
94,46,94
37,44,37
62,54,nan
33,58,nan
64,32,64
63,3,63
10,56,0
0,79,0
70,34,0
64,66,nan
30,63,nan
49,28,49
59,60,nan
89,2,89
93,57,93
99,71,99
16,86,0
45,14,45
71,59,0
47,81,nan
59,71,nan
32,22,nan
52,72,nan
29,92,0
97,16,97
17,20,0
55,54,nan
63,17,0
55,36,nan
0,4,0
4,62,0
5,73,0
89,35,0
70,23,0
10,73,0
15,27,0
95,75,95
13,32,0
29,95,29
98,56,98
1,18,0
7,10,0
77,31,0
39,1,39
33,71,nan
6,56,0
31,55,nan
58,49,nan
30,17,nan
90,22,0
57,41,nan
86,89,0
33,9,33
0,62,0
47,99,47
46,5,46
56,59,nan
54,52,nan
86,25,0
45,59,nan
58,8,58
56,48,nan
35,56,nan
69,58,nan
22,2,0
87,68,0
29,29,0
83,42,0
44,32,nan
3,68,0
83,51,0
68,97,0
82,63,0
79,22,0
25,92,0
29,31,0
77,75,0
61,8,61
90,86,0
8,0,0
10,69,0
50,52,nan
71,10,0
88,57,0
91,37,0
38,47,nan
79,81,nan
60,67,nan
42,37,nan
99,81,99
52,19,52
5,16,0
16,91,0
32,44,32
0,99,0
86,39,0
9,92,0
45,15,45
65,34,65
25,88,0
8,98,0
93,87,0
82,45,0
36,15,36
15,8,0
24,10,0
96,85,96
58,62,nan
36,4,36
33,44,33
12,87,0
48,29,nan
21,16,0
72,98,0
41,12,41
84,42,0
55,77,nan
66,2,66
44,21,44
57,91,57
96,81,96
8,90,0
1,20,1
21,91,0
88,3,0
75,84,nan
65,23,0
94,49,0
43,68,nan
29,98,0
74,39,0
75,95,0
44,12,44
77,18,0
22,42,0
56,96,56
91,45,91
29,7,29
60,96,60
39,85,39
28,65,nan
72,12,0
70,17,0
90,79,0
72,7,0
9,5,0
16,80,0
15,80,0
11,11,0
47,58,nan
61,59,nan
91,12,0
49,72,nan
85,20,0
75,86,nan
29,58,nan
74,31,0
58,99,58
88,9,0
9,25,0
2,24,0
51,56,nan
7,21,7
75,99,0
65,37,nan
79,97,0
6,17,0
14,80,0
82,71,0
44,1,44
21,77,0
98,82,98
26,50,0
5,91,0
0,28,0
83,72,0
73,89,nan
20,82,0
24,97,0
55,19,55
14,35,0
28,64,nan
63,0,63
27,70,27
97,40,97
62,46,nan
97,58,97
88,37,0
37,91,37
8,66,0
78,82,nan
90,89,90
15,38,0
34,75,34
99,26,99
99,91,99
11,41,nan
10,77,0
47,6,47
47,46,nan
41,80,nan
61,52,nan
89,27,89
84,48,0
81,83,0
84,47,0
44,4,44
80,19,0
68,86,nan
62,61,nan
65,7,65
56,30,56
88,44,0
93,70,93
22,45,0
20,30,0
63,87,0
44,37,nan
93,21,93
82,21,0
95,74,0
54,34,nan
23,61,0
23,17,0
68,39,nan
68,57,nan
97,65,97
2,21,2
0,70,0
82,40,0
0,7,0
48,23,48
41,88,nan
78,30,0
26,84,26
84,15,0
98,52,98
85,16,0
5,40,nan
59,50,nan
41,71,nan
61,10,61
14,37,nan
58,43,nan
86,77,86
79,80,nan
56,20,56
35,77,35
27,54,nan
83,27,0
39,72,nan
0,38,0
40,39,nan
94,71,94
51,55,nan
65,88,65
84,9,0
27,37,0
73,16,0
24,0,0
2,76,2
95,49,0
84,45,0
77,47,0
93,50,0
13,93,0
74,95,0
77,23,0
26,52,26
9,45,0
44,55,nan
61,53,nan
50,75,nan
87,17,0
96,89,96
73,83,nan
30,34,nan
71,66,0
90,21,90
85,0,0
87,76,0
73,21,0
59,38,59
24,45,0
65,96,65
56,84,nan
91,49,0
69,19,0
50,55,nan
83,13,0
81,34,0
35,15,nan
8,65,0
81,94,0
27,19,0
5,97,0
9,56,0
69,50,nan
5,98,0
29,41,0
47,27,nan
38,87,38
8,62,0
43,7,43
79,16,0
16,88,0
90,34,90
59,90,59
66,71,nan
87,44,0
2,10,0
31,30,nan
96,29,96
62,89,62
57,22,57
55,24,55
22,79,0
61,7,61
22,56,0
21,33,0
58,96,58
81,5,0
0,51,0
22,5,0
68,37,nan
89,31,0
94,31,94
95,98,95
26,40,26
37,59,nan
77,86,nan
29,30,0
56,2,56
64,63,nan
93,14,93
55,89,nan
38,46,nan
71,3,0
32,88,32
67,49,nan
62,55,nan
20,47,0
4,63,0
91,86,0
56,22,56
26,6,0
37,43,37
80,0,0
53,50,nan
1,98,0
83,44,0
19,74,0
90,50,0
63,68,nan
67,44,nan
13,24,0
85,52,0
21,2,0
64,17,0
60,5,60
98,80,98
65,0,65
11,43,nan
32,13,nan
86,98,0
49,94,49
45,96,45
70,38,0
5,74,0
19,33,0
36,91,36
35,11,35
6,76,0
49,79,nan
24,83,24
79,83,nan
77,3,0
27,41,0
2,32,2
83,77,0
73,0,0
5,8,5
58,38,nan
66,93,0
45,48,nan
13,59,0
0,30,0
48,79,nan
30,28,nan
64,58,nan
69,40,nan
37,66,nan
17,45,0
9,32,0
11,78,0
90,94,0
74,76,nan
58,45,nan
6,95,6
46,94,46
95,5,0
12,8,0
78,27,0
93,49,0
68,78,nan
59,62,nan
45,91,45
30,4,0
41,72,nan
54,23,54
25,57,0
32,55,nan
16,96,0
46,72,nan
30,83,30
17,2,0
27,58,nan
82,70,0
97,41,97
44,16,44
4,43,0
40,65,nan
89,63,0
17,84,0
42,79,nan
20,15,0
62,62,nan
21,1,0
43,60,nan
44,56,nan
95,85,95
12,91,0
92,16,0
95,29,0
92,6,0
16,12,0
60,69,nan
2,41,0
35,35,nan
85,23,0
82,5,0
81,97,0
77,21,0
54,33,54
77,5,0
4,17,0
73,40,0
13,97,0
32,17,nan
2,18,0
86,4,0
19,39,0
79,53,0
28,18,0
99,23,99
72,41,0
60,36,60
60,31,60
65,65,nan
2,67,0
7,28,0
22,21,0
0,36,0
78,3,0
96,34,96
12,65,0
3,86,0
19,38,0
94,83,94
56,90,56
13,62,0
77,54,0
56,93,56
56,47,nan
32,54,nan
53,19,53
1,78,1
86,91,0
48,76,nan
90,82,0
53,3,53
32,15,nan
13,51,0
5,80,0
30,82,30
61,19,61
18,66,0
3,44,0
13,65,0
78,97,0
34,67,nan
92,60,0
80,67,0
76,39,0
68,67,nan
77,30,0
91,78,91
18,46,0
15,3,0
10,44,nan
99,16,99
68,60,nan
44,82,nan
19,61,0
45,56,nan
51,81,nan
43,63,nan
83,60,0
67,39,nan
5,27,5
40,9,40
77,15,0
82,72,0
34,57,nan
39,69,nan
21,4,0
6,42,nan
76,8,0
93,26,93
16,2,0
81,26,0
0,66,0
18,22,0
43,17,43
43,37,nan
49,88,nan
68,26,68
73,79,nan
12,99,0
86,60,0
96,15,96
36,6,36
95,1,95
29,44,29
16,89,0
63,79,nan
53,9,53
23,29,0
88,80,0
1,44,1
66,87,0
50,30,nan
6,5,0
33,20,nan
36,11,36
80,11,0
74,71,0
45,22,45
19,52,0
67,20,67
77,53,0
45,43,nan
39,14,39
59,98,59
68,69,nan
23,55,0
88,16,0
26,89,26
92,41,0
4,32,4
52,17,52
12,4,0
81,82,0
88,25,0
48,86,nan
80,2,0
34,95,34
85,36,0
73,94,0
77,42,0
19,44,0
72,0,0
50,47,nan
93,60,0
99,29,99
85,64,0
57,4,57
28,42,0
94,95,94
17,79,0
60,61,nan
20,38,0
4,45,4
34,0,34
58,98,58
87,79,0
16,92,0
34,80,34
71,46,0
52,5,52
42,56,nan
15,21,0
15,26,0
54,59,nan
44,44,nan
55,21,55
40,56,nan
45,1,45
38,74,nan
52,4,52
6,27,6
56,55,nan
77,0,0
48,5,48
50,9,50
24,16,0
60,99,60
48,39,nan
81,25,0
58,70,nan
4,14,4
9,6,0
61,64,nan
80,53,0
92,56,0
11,56,0
23,57,0
62,16,62
39,52,nan
42,8,42
11,19,0
85,89,0
83,28,0
85,72,0
10,28,0
33,23,nan
67,24,0
85,6,0
53,0,53
20,99,0
74,1,0
99,38,99
20,92,0
25,99,0
6,21,6
51,58,nan
82,98,0
8,26,0
76,43,0
24,23,0
44,11,44
60,40,nan
14,23,0
27,85,0
59,24,59
37,62,nan
70,48,0
28,58,nan
2,0,2
1,95,1
86,9,0
32,52,nan
62,65,nan
53,48,nan
79,56,0
70,7,0
45,95,45
7,86,0
57,86,nan
54,37,nan
22,47,0
61,82,nan
11,55,0
36,90,36
96,13,96
68,90,68
52,22,52
26,15,26
57,40,nan
74,14,0
71,14,71
43,22,43
4,15,4
77,57,0
10,6,0
61,23,61
93,65,93
72,49,0
51,71,nan
10,59,0
29,91,29
76,97,0
24,5,0
59,88,nan
26,97,0
82,74,0
67,37,nan
28,16,0
58,48,nan
67,72,nan
61,33,61
1,7,1
9,55,0
11,99,0
59,44,nan
93,77,93
12,56,0
19,7,0
6,51,6
44,26,nan
65,19,65
64,7,64
95,86,0
34,16,nan
43,84,nan
51,88,nan
67,76,nan
7,82,0
45,35,nan
64,20,64
15,54,0
51,19,51
85,97,0
30,59,nan
63,9,63
83,37,0
11,23,0
17,88,0
46,29,nan
50,73,nan
87,22,0
42,24,nan
32,18,nan
99,33,99
42,85,nan
48,33,nan
83,30,0
34,7,34
99,15,99
76,80,nan
79,15,0
80,8,0
21,69,0
38,23,nan
23,97,0
25,44,0
33,56,nan
57,16,57
39,96,39
15,85,0
35,25,nan
21,25,0
87,60,0
10,8,0
35,89,35
84,92,0
47,20,47
45,89,nan
99,27,99
81,31,0
41,79,nan
18,54,0
59,67,nan
79,41,0
93,29,0
62,70,nan
12,68,0
65,99,0
97,93,97
56,75,nan
76,28,0
98,60,98
82,7,0
21,15,0
8,59,0
99,53,99
18,17,0
20,75,0
26,13,0
60,27,60
45,13,45
16,4,0
52,28,52
58,65,nan
11,46,0
60,44,nan
42,59,nan
2,70,2
56,39,nan
28,31,0
89,33,89
71,38,0
36,83,36
33,99,0
78,98,0
34,51,nan
18,76,0
45,19,45
18,47,0
46,53,nan
41,49,nan
46,26,nan
75,50,0
78,62,0
44,39,nan
91,72,91
87,34,0
8,48,0
16,84,0
71,58,71
33,81,33
41,3,41
99,80,99
11,25,0
9,71,0
9,35,0
65,42,nan
99,88,99
94,26,94
51,66,nan
26,16,0
43,36,nan
83,61,0
10,91,0
17,7,0
4,0,0
33,74,0
6,90,6
46,11,46
61,27,61
74,79,nan
11,54,0
93,88,93
91,50,0
84,61,0
8,11,0
48,4,48
67,12,0
80,99,0
86,11,0
93,15,93
22,92,0
88,4,0
38,84,38
98,13,98
0,12,0
18,58,0
92,72,92
85,60,0
70,87,nan
66,19,66
48,25,48
27,95,27
68,89,68
24,31,0
86,1,0
5,54,0
13,98,0
58,42,nan
39,23,nan
15,98,0
11,24,0
31,33,nan
33,62,nan
91,33,91
41,61,nan
28,56,nan
16,18,0
68,65,nan
1,32,1
65,13,65
70,95,0
4,67,0
17,85,0
14,90,0
79,48,0
56,91,56
66,79,nan
75,54,0
77,26,0
41,24,nan
63,35,63
99,73,99
30,89,30
88,53,0
97,97,97
43,85,nan
92,82,92
19,5,0
36,87,36
40,10,40
60,98,60
94,76,94
50,12,50
90,74,0
63,92,0
22,94,0
71,70,0
59,11,59
6,30,0
92,94,0
51,31,nan
18,33,0
46,37,nan
98,57,98
41,97,41
48,14,48
94,61,0
34,41,34
62,15,62
88,74,0
46,96,46
32,11,0
5,87,0
20,77,0
57,21,57
74,25,0
97,55,97
17,87,0
29,25,0
4,94,0
71,27,0
55,4,55
83,63,0
35,0,35
21,45,0
35,96,35
28,4,0
73,3,0
40,16,40
2,47,2
94,99,0
16,54,0
94,16,94
30,47,30
33,69,nan
20,40,0
61,84,61
22,62,0
76,36,0
90,65,90
90,44,0
39,46,nan
86,44,0
65,98,0
85,58,0
8,91,0
88,67,0
60,70,nan
78,57,0
70,78,nan
47,88,nan
15,48,0
57,58,nan
73,59,0
33,76,33
34,9,34
63,2,63
39,4,39
34,74,34
7,9,0
37,90,37
93,67,0
33,6,33
25,61,0
88,77,88
40,44,nan
61,79,nan
92,93,0
41,48,nan
24,36,0
17,60,0
24,64,24
49,20,49
91,4,0
6,9,0
50,15,50
70,32,0
35,36,nan
83,90,0
10,46,0
17,55,0
27,83,27
34,65,nan
2,35,0
36,25,nan
22,43,0
70,92,0
29,24,0
51,7,51
64,35,nan
17,68,0
89,49,0
98,5,98
66,7,66
69,77,nan
37,35,nan
17,50,0
86,42,0
78,11,0
85,25,0
88,22,0
43,23,nan
76,86,nan
21,55,0
1,24,0
66,12,0
68,23,0
19,56,0
46,78,nan
8,36,nan
93,35,0
60,30,60
86,43,0
54,64,nan
41,62,nan
89,40,89
98,95,98
24,32,0
79,65,0
86,73,0
53,46,nan
19,60,0
32,39,32
82,10,0
3,58,3
18,65,0
14,8,0
98,28,98
32,35,nan
26,19,0
94,5,0
7,24,0
86,5,0
58,46,nan
95,7,95
7,1,7
38,42,nan
77,56,0
93,44,93
53,1,53
32,46,32
99,32,99
76,17,0
11,60,0
41,60,nan
70,25,0
34,6,34
62,66,nan
49,49,nan
60,48,nan
83,94,0
14,74,0
94,51,94
14,28,0
17,8,0
33,53,nan
69,91,0
72,4,0
61,62,nan
91,29,0
86,62,0
39,44,39
75,74,0
33,16,nan
82,55,0
98,89,98
45,53,nan
37,93,37
98,9,98
37,64,nan
6,77,6
95,34,95
67,13,67
16,46,0
57,18,57
9,76,0
17,62,0
17,52,0
72,15,0
68,72,nan
46,97,46
57,70,nan
28,90,28
89,13,0
79,38,0
91,97,91
69,89,69
99,84,99
64,43,nan
9,88,0
7,72,0
84,36,0
16,20,0
29,18,0
93,24,0
93,81,0
65,48,nan
18,41,0
43,5,43
6,11,0
26,31,0
85,95,0
89,42,0
81,69,0
70,67,0
82,15,0
58,94,58
69,31,0
72,91,0
69,76,nan
26,67,0
10,48,0
82,53,0
28,86,0
14,97,0
61,87,61
69,30,0
93,85,93
55,13,55
93,23,0
68,70,nan
52,89,nan
92,39,92
58,5,58
12,73,0
3,88,0
68,94,0
68,91,0
62,6,62
42,34,nan
98,93,98
21,11,0
29,20,29
29,6,0
84,95,0
62,73,nan
82,28,0
37,39,nan
25,71,25
83,65,0
28,87,0
24,40,0
79,60,0
54,66,nan
51,22,51
94,84,94
54,49,nan
61,15,61
50,34,nan
37,83,37
51,52,nan
68,66,nan
30,52,nan
0,41,0
84,97,0
85,9,0
19,91,0
89,51,89
62,88,62
90,10,0
38,33,nan
12,78,0
5,99,0
73,29,0
0,63,0
57,9,57
87,6,0
13,15,0
51,92,51
97,8,97
82,38,0
89,18,0
80,95,0
83,76,0
94,15,94
17,27,0
52,62,nan
3,19,3
13,70,0
0,77,0
44,69,nan
43,80,nan
74,70,0
88,52,88
68,31,0
11,42,nan
99,74,99
22,59,0
84,31,0
76,93,0
27,45,27
4,81,0
19,68,0
91,79,0
80,66,0
63,24,0
21,66,0
85,99,0
58,87,nan
67,43,nan
72,84,nan
73,66,0
86,79,0
20,28,0
32,10,32
12,50,0
64,16,0
69,37,nan
44,89,nan
93,71,93
58,22,58
62,92,0
99,6,99
62,12,62
59,49,nan
27,33,27
30,79,0
24,44,0
70,0,0
8,12,0
51,18,51
70,40,0
50,41,nan
19,64,0
92,44,92
25,0,0
85,43,0
36,68,nan
61,51,nan
29,79,0
42,91,42
62,91,62
56,65,nan
35,92,35
42,51,nan
57,31,57
46,41,nan
21,23,0
69,29,0
79,84,nan
55,58,nan
32,82,32
99,22,99
21,58,0
61,43,nan
26,42,0
71,83,nan
13,31,0
84,41,0
65,78,nan
57,32,57
6,97,0
98,49,98
81,81,0
73,28,0
55,66,nan
51,44,nan
40,45,nan
34,43,34
79,10,0
12,11,0
45,34,nan
87,30,0
20,23,0
88,6,0
6,34,0
56,54,nan
71,25,0
51,20,51
18,61,0
57,60,nan
14,33,0
47,19,47
22,66,0
23,11,0
62,95,62
89,50,0
61,41,nan
36,69,nan
97,38,97
70,63,0
65,68,nan
85,10,0
20,85,0
87,69,0
9,30,0
84,32,0
39,12,39
25,65,25
89,12,0
85,41,0
42,80,nan
91,41,0
38,93,38
11,72,0
41,52,nan
50,96,50
99,76,99
32,4,0
52,49,nan
48,10,48
32,32,nan
92,81,0
72,86,nan
72,31,0
86,2,0
94,59,94
57,24,57
3,13,3
4,71,4
12,3,0
73,56,0
59,21,59
44,0,44
12,30,0
50,24,50
0,86,0
69,84,nan
35,61,nan
93,64,93
69,65,nan
65,29,0
99,12,99
88,68,0
79,6,0
92,36,0
92,21,92
70,3,0
8,53,0
10,57,0
23,74,0
87,70,0
8,56,0
97,26,97
77,76,0
9,51,0
98,29,98
57,95,57
82,14,0
82,35,0
97,54,97
59,12,59
7,42,nan
85,65,0
32,91,32
31,92,0
14,65,0
87,18,0
52,73,nan
8,78,0
66,96,66
19,24,0
7,69,0
35,43,35
56,61,nan
36,88,36
29,84,29
97,22,97
75,6,0
12,77,0
97,43,97
36,42,36
77,69,0
60,24,60
98,37,98
91,75,0
65,84,nan
69,47,nan
28,35,0
92,65,92
54,93,54
55,71,nan
20,79,0
75,10,0
51,73,nan
41,30,nan
63,88,63
33,38,33
22,14,0
88,24,0
25,2,25
89,75,0
4,41,0
87,91,0
98,84,98
82,96,0
5,64,5
4,54,0
51,49,nan
42,41,nan
36,41,36
25,66,0
4,13,4
66,54,nan
40,32,nan
25,15,0
52,95,52
24,39,24
73,90,0
26,58,nan
75,41,0
38,73,nan
88,87,0
26,12,0
91,91,0
53,28,53
57,62,nan
27,50,0
86,87,0
93,89,93
6,63,0
60,79,nan
68,18,0
62,81,nan
97,17,97
32,57,nan
51,2,51
52,20,52
17,48,0
36,59,nan
42,25,nan
35,27,nan
83,10,0
1,87,0
68,7,68
97,11,97
41,27,nan
12,44,nan
39,2,39
70,14,70
89,11,0
52,68,nan
45,20,45
10,45,nan
40,23,nan
42,31,nan
38,10,38
33,70,nan
74,30,0
7,93,0
75,76,nan
81,49,0
68,62,nan
14,50,0
25,93,0
34,28,nan
31,43,0
1,62,0
27,78,27
43,91,43
30,14,nan
42,70,nan
56,31,56
60,85,60
74,64,0
71,62,0
2,37,0
7,45,7
25,81,0
18,52,0
47,95,47
82,17,0
63,74,nan
63,82,nan
6,36,0
12,76,0
13,4,0
41,81,nan
96,41,96
82,16,0
59,40,nan
9,28,0
24,53,0
91,98,0
74,73,0
62,45,nan
51,27,51
22,74,0
6,45,6
34,25,nan
50,2,50
48,84,nan
49,92,49
86,24,0
89,91,0
16,65,0
73,87,nan
45,4,45
79,96,0
70,59,0
19,66,0
98,10,98
77,65,0
43,74,nan
54,58,nan
11,49,0
82,95,0
75,64,0
84,50,0
7,7,0
91,14,91
27,74,0
3,15,3
10,87,0
14,49,0
48,8,48
47,97,47
28,46,28
9,43,nan
13,0,0
25,27,25
28,47,0
52,37,nan
46,88,nan
56,1,56
72,45,0
63,69,nan
14,34,0
8,32,0
44,49,nan
33,7,33
41,39,nan
15,11,0
57,73,nan
80,49,0
47,70,nan
74,57,0
66,84,nan
95,21,95
31,90,31
78,69,0
42,89,nan
12,61,0
77,59,0
5,90,5
49,46,nan
41,18,41
84,66,0
66,35,nan
36,49,nan
52,93,52
43,92,43
81,99,0
12,90,0
17,82,0
3,18,0
43,97,43
7,3,0
38,72,nan
81,42,0
66,88,0
50,21,50
95,32,95
80,79,0
23,96,0
40,79,nan
15,34,0
0,37,0
50,22,50
72,78,nan
13,64,0
99,24,99
0,48,0
43,43,nan
23,48,0
92,12,0
17,22,0
67,59,nan
66,43,nan
88,32,0
11,16,0
74,97,0
88,41,0
65,87,0
85,27,0
21,93,0
80,63,0
14,41,nan
92,24,0
95,3,95
27,80,0
61,20,61
76,37,0
14,82,0
67,1,67
82,52,0
72,5,0
13,63,0
42,23,nan
65,62,nan
40,89,nan
0,17,0
21,37,0
48,97,48
91,40,91
19,82,0
94,6,94
96,88,96
23,32,0
62,17,0
76,92,0
79,34,0
52,34,nan
49,67,nan
76,66,0
14,29,0
64,60,nan
60,77,nan
89,62,0
8,77,8
50,66,nan
38,48,nan
60,8,60
18,96,0
8,45,0
17,4,0
37,97,37
2,54,0
35,64,nan
78,48,0
33,63,nan
2,52,2
31,73,0
87,28,0
33,27,nan
26,77,26
96,77,96
36,12,36
94,60,94
40,17,40
68,74,nan
78,2,0
1,37,0
90,75,0
59,36,59
65,51,nan
24,93,0
56,12,56
15,57,0
61,56,nan
56,16,56
41,15,41
17,9,0
49,14,49
56,32,56
17,65,0
63,62,nan
83,3,0
79,74,0
32,2,32
62,1,62
77,79,nan
95,91,95
67,50,nan
24,82,0
72,27,0
30,51,nan
82,87,0
20,34,0
9,24,0
38,80,38
95,11,0
23,89,0
73,88,nan
0,72,0
79,71,0
8,22,0
81,57,0
89,90,89
32,99,0
38,83,38
56,28,56
44,34,nan
42,57,nan
73,6,0
78,15,0
29,75,0
89,74,0
55,53,nan
59,2,59
53,30,53
58,85,nan
89,21,89
83,25,0
85,30,0
85,37,0
60,12,60
74,33,0
71,9,0
17,75,0
76,60,0
1,90,1
94,79,94
21,0,0
53,98,53
13,74,0
5,77,5
2,89,2
47,2,47
2,50,0
72,88,nan
62,25,62
14,7,0
32,29,nan
78,50,0
71,98,0
97,49,97
31,46,31
33,80,0
29,53,nan
93,94,93
67,58,nan
96,63,96
41,10,41
75,24,0
20,86,0
50,78,nan
95,37,95
88,75,0
70,4,0
13,1,0
22,6,0
25,56,0
2,64,2
1,48,0
81,32,0
58,84,nan
55,41,nan
8,41,nan
55,25,55
71,51,0
27,5,0
80,85,0
5,93,0
76,15,0
79,85,nan
98,1,98
95,71,95
74,87,nan
47,90,47
91,16,0
40,21,nan
37,51,nan
70,27,70
90,92,0
5,60,0
43,15,43
47,12,47
15,65,0
78,16,0
76,7,0
69,49,nan
33,66,nan
70,75,nan
50,3,50
63,63,nan
54,28,54
86,51,0
62,96,62
69,32,0
6,59,6
61,29,61
45,80,nan
82,8,0
77,28,0
92,99,0
25,60,nan
36,63,nan
34,5,34
12,34,0
1,86,0
81,60,0
11,7,0
82,75,0
52,87,nan
49,86,nan
32,94,32
86,69,0
16,7,0
66,80,nan
17,25,0
78,41,0
18,11,0
4,61,0
14,83,0
69,95,69
79,36,0
23,93,0
34,92,34
9,58,0
45,65,nan
30,94,0
84,76,0
3,75,0
54,14,54
44,30,nan
72,35,0
29,74,0
86,85,0
2,39,2
10,94,0
63,12,0
43,21,43
10,26,0
4,42,0
81,6,0
26,68,0
35,71,nan
46,4,46
90,47,0
35,69,nan
21,34,0
51,25,51
37,48,nan
76,71,0
64,26,64
16,95,0
6,2,6
79,64,0
82,61,0
39,79,39
62,32,62
27,75,0
60,34,60
70,83,nan
3,42,0
1,94,1
39,67,nan
96,91,96
41,93,41
7,55,0
54,30,54
63,42,nan
0,61,0
91,15,91
75,48,0
48,98,48
26,57,nan
65,1,65
3,49,0
50,94,50
87,15,0
57,45,nan
98,61,98
0,1,0
78,20,0
33,78,33
74,65,0
4,1,4
87,12,0
96,31,96
38,24,nan
11,75,0
80,45,0
93,17,0
61,83,nan
34,20,nan
13,49,0
74,45,0
46,47,nan
20,89,0
19,32,0
31,3,31
18,23,0
20,14,0
18,31,0
39,30,nan
72,25,0
35,2,35
32,84,32
49,62,nan
17,6,0
45,98,45
79,70,0
38,81,38
72,9,0
56,94,56
0,0,0
86,58,86
24,1,0
84,7,0
30,30,nan
70,37,0
4,77,4
37,60,nan
5,35,0
97,52,97
21,30,0
19,81,0
93,16,0
89,20,89
78,33,0
9,66,0
19,49,0
92,5,0
7,80,0
59,87,nan
63,60,nan
58,20,58
28,62,nan
53,15,53
9,18,0
36,95,36
0,55,0
24,68,0
83,73,0
55,60,nan
34,79,34
74,94,0
52,79,nan
21,57,0
89,3,0
54,21,54
63,30,0
9,3,0
20,31,0
33,15,nan
76,83,nan
67,33,nan
61,50,nan
45,49,nan
32,9,32
72,95,0
47,28,nan
66,89,66
50,19,50
74,9,0
46,80,nan
55,96,55
54,75,nan
80,86,0
55,74,nan
13,75,0
5,28,0
60,51,nan
14,77,0
79,98,0
52,86,nan
73,67,0
91,81,0
70,71,nan
14,6,0
26,10,0
17,91,0
28,59,nan
62,53,nan
35,55,nan
92,47,92
56,8,56
36,39,nan
12,14,0
2,40,2
4,65,4
53,90,53
28,26,28
1,82,1
92,50,0
48,16,48
50,57,nan
23,25,0
89,6,0
95,89,95
90,49,0
6,67,0
41,42,nan
0,98,0
84,73,0
33,87,0
57,69,nan
89,38,0
54,1,54
44,85,nan
42,17,42
20,83,0
44,70,nan
26,21,26
30,41,30
24,27,24
21,49,0
23,36,0
62,37,nan
26,47,0
53,91,53
18,72,0
66,17,0
22,18,0
95,96,95
4,92,0
29,34,29
49,42,nan
16,6,0
80,76,0
1,5,0
91,56,0
59,4,59
13,2,0
65,17,0
26,93,0
27,11,0
13,38,nan
78,92,0
32,19,nan
16,42,0
30,48,0
88,76,0
10,15,0
74,12,0
75,91,0
46,12,46
78,54,0
56,50,nan
91,74,0
77,44,0
41,74,nan
60,56,nan
35,9,35
39,84,39
94,90,94
69,97,0
0,78,0
89,96,89
40,3,40
32,71,nan
63,4,0
25,41,0
90,33,90
58,0,58
7,51,0
59,13,59
19,67,0
72,69,0
31,41,31
20,74,0
16,27,0
24,75,0
25,64,25
70,19,0
17,38,0
31,74,0
2,87,0
22,82,0
39,59,nan
97,99,97
91,85,0
69,44,nan
17,97,0
45,33,nan
86,56,0
79,95,0
61,74,nan
12,43,nan
67,10,0
44,38,nan
28,66,nan
52,2,52
42,29,nan
20,2,0
94,80,0
43,27,nan
87,16,0
92,23,0
1,8,1
28,53,nan
88,56,0
64,34,64
97,2,97
61,76,nan
26,87,0
55,57,nan
86,78,0
19,28,0
66,13,66
10,75,0
86,84,0
64,11,0
46,34,nan
97,19,97
19,54,0
83,6,0
71,15,0
57,15,57
36,34,nan
68,49,nan
51,62,nan
89,46,89
34,22,nan
97,87,97
39,71,nan
78,42,0
45,78,nan
97,85,97
73,99,0
12,62,0
82,62,0
42,7,42
72,1,0
59,93,59
50,28,50
36,33,nan
37,19,nan
77,85,nan
71,97,0
35,90,35
93,54,0
16,45,0
19,12,0
39,24,nan
76,3,0
6,40,nan
99,10,99
63,52,nan
85,42,0
4,20,4
82,82,0
16,98,0
87,21,87
84,85,0
96,26,96
98,53,98
69,87,nan
46,36,nan
37,85,37
33,92,33
40,98,40
54,44,nan
15,96,0
24,86,0
58,25,58
68,6,0
90,25,0
22,78,0
8,44,nan
81,63,0
80,6,0
48,77,nan
58,57,nan
41,54,nan
65,39,nan
24,51,0
93,93,0
58,60,nan
22,80,0
95,99,0
47,3,47
98,66,98
53,34,nan
5,33,5
15,28,0
41,66,nan
44,15,44
63,84,nan
20,61,0
71,94,0
13,21,0
73,37,0
62,64,nan
8,97,0
39,33,nan
89,59,89
17,18,0
56,62,nan
21,54,0
29,33,29
93,32,93
28,2,28
52,31,52
55,20,55
90,24,0
3,74,0
66,39,nan
12,22,0
22,63,0
14,15,0
62,87,0
86,28,0
53,11,53
23,35,0
33,79,33
47,45,nan
14,12,0
3,26,3
1,60,0
14,81,0
97,63,97
81,51,0
71,52,71
1,28,1
40,15,40
48,34,nan
74,47,0
12,64,0
62,47,nan
16,47,0
64,41,nan
36,9,36
91,32,91
58,35,58
61,35,61
84,37,0
47,84,nan
98,6,98
29,66,nan
60,57,nan
65,6,0
43,51,nan
55,85,nan
23,47,0
14,43,nan
58,93,58
22,87,0
59,76,nan
63,34,63
14,46,0
76,79,nan
46,43,nan
59,68,nan
29,99,0
99,87,99
82,57,0
26,86,0
16,78,0
67,26,67
13,69,0
17,17,0
9,53,0
9,72,0
66,72,nan
23,65,0
57,57,nan
20,95,0
34,32,nan
7,62,0
97,90,97
75,22,0
15,69,0
27,40,27
39,45,39
19,42,0
67,96,67
98,26,98
43,69,nan
50,46,nan
96,30,0
43,48,nan
50,11,50
71,4,0
50,54,nan
2,13,2
92,66,92
36,65,nan
10,82,0
57,37,nan
89,60,0
40,85,nan
95,73,0
37,84,37
42,9,42
80,25,0
70,49,0
39,51,nan
99,19,99
73,8,0
56,0,56
11,26,0
74,63,0
47,26,47
51,48,nan
57,96,57
85,88,0
46,95,46
59,84,nan
99,97,99
55,29,55
44,13,44
73,63,0
2,38,2
92,98,0
2,63,2
9,82,0
12,70,0
20,80,0
13,14,0
31,67,nan
32,33,nan
80,23,0
46,30,nan
53,2,53
31,63,nan
7,4,0
0,35,0
21,48,0
66,21,66
40,11,40
0,95,0
60,74,nan
70,88,nan
51,78,nan
43,99,43
44,25,nan
6,61,0
70,54,0
87,99,0
36,17,nan
23,34,0
95,22,95
14,59,0
97,34,97
96,6,96
68,79,nan
62,99,0
22,15,0
93,9,93
12,59,0
92,8,92
84,3,0
56,82,nan
40,73,nan
0,18,0
87,31,0
20,94,0
31,68,nan
82,58,0
62,93,0
10,93,0
3,11,0
31,9,31
47,68,nan
65,71,nan
55,97,55
45,18,45
38,64,nan
2,44,2
46,84,nan
93,28,93
88,55,0
38,1,38
88,11,0
85,29,0
31,20,nan
55,73,nan
75,17,0
31,82,31
93,55,0
33,98,33
38,75,38
72,64,0
0,59,0
83,0,0
64,15,64
15,35,0
38,63,nan
60,73,nan
15,5,0
92,29,0
98,30,98
84,54,0
52,42,nan
15,24,0
27,46,27
54,57,nan
29,43,0
22,48,0
15,19,0
28,45,28
96,56,96
5,46,5
64,21,64
60,37,60
3,83,3
37,68,nan
92,68,0
52,60,nan
25,28,0
86,55,0
0,82,0
48,89,nan
48,82,nan
51,6,51
62,31,62
16,97,0
43,6,43
70,12,0
6,3,0
27,25,0
79,99,0
93,20,93
49,3,49
14,22,0
79,20,0
62,26,62
52,78,nan
80,81,0
87,27,87
55,45,nan
2,6,0
84,58,0
7,36,nan
4,79,0
40,83,nan
52,57,nan
98,83,98
24,67,0
65,93,0
88,78,0
61,36,0
8,93,0
16,79,0
47,50,nan
49,70,nan
28,12,0
59,89,nan
5,20,5
39,78,39
86,33,86
69,52,nan
83,75,0
41,36,nan
64,40,nan
5,96,5
76,34,0
52,7,52
80,48,0
49,47,nan
51,67,nan
32,3,32
90,67,0
48,0,48
91,25,0
6,91,0
4,5,0
86,6,0
55,1,55
24,63,0
35,44,35
75,13,0
12,12,0
31,24,nan
50,81,nan
36,82,36
8,74,0
1,4,0
7,56,0
83,87,0
72,24,0
40,35,nan
18,81,0
54,40,nan
25,83,25
3,16,0
46,85,nan
81,21,0
43,8,43
32,98,32
36,79,36
28,76,28
11,37,nan
71,80,nan
73,58,0
98,27,98
19,36,0
83,69,0
19,63,0
75,20,0
16,17,0
53,16,53
96,4,96
42,83,nan
39,70,nan
85,51,0
48,61,nan
62,49,nan
3,78,3
6,96,6
91,62,0
49,34,nan
80,40,0
24,72,0
7,88,0
42,4,42
77,81,nan
77,29,0
77,34,0
95,33,95
95,17,0
74,36,0
61,45,nan
90,57,90
40,62,nan
29,90,29
50,53,nan
83,14,0
23,87,0
27,63,nan
62,51,nan
89,45,89
81,28,0
20,21,0
82,99,0
20,16,0
93,27,93
39,11,39
62,7,62
51,12,51
43,57,nan
34,99,34
71,16,0
46,45,nan
4,90,4
72,76,nan
55,67,nan
58,51,nan
5,42,0
1,9,1
14,18,0
74,43,0
73,70,0
82,30,0
75,33,0
20,43,0
28,80,0
87,87,0
82,48,0
73,50,0
33,41,33
32,75,32
64,50,nan
73,51,0
24,88,0
22,3,0
22,54,0
16,22,0
77,78,nan
79,52,0
37,70,nan
5,47,0
42,6,42
12,74,0
84,17,0
56,63,nan
8,89,0
19,11,0
99,48,99
42,66,nan
39,76,39
1,39,1
32,89,32
37,46,nan
5,17,0
14,25,0
47,29,nan
21,8,0
41,5,41
46,10,46
24,56,0
66,95,66
52,38,nan
30,19,nan
38,52,nan
19,1,0
71,76,nan
5,61,0
97,20,97
11,63,0
19,48,0
81,22,0
31,48,nan
2,72,2
82,50,0
68,64,nan
28,51,nan
89,34,89
44,18,44
32,16,nan
40,31,nan
65,79,nan
53,74,nan
88,40,88
40,2,40
3,21,3
93,91,93
38,20,nan
48,94,48
60,52,nan
28,37,0
28,32,28
10,89,0
18,48,0
67,86,nan
22,51,0
33,12,33
24,6,0
57,36,57
83,54,0
37,0,37
61,97,61
37,9,37
67,16,0
16,8,0
57,1,57
18,84,0
43,26,nan
30,35,0
54,73,nan
52,77,nan
85,22,0
39,43,nan
80,34,0
43,78,nan
34,44,34
20,18,0
49,97,49
28,8,28
84,89,0
38,25,nan
17,53,0
23,52,0
28,6,0
88,2,88
47,18,47
49,22,49
2,65,2
27,22,0
14,39,nan
36,98,36
32,27,nan
86,0,0
71,69,0
76,20,0
65,95,65
56,81,nan
24,74,0
59,45,nan
14,56,0
66,46,nan
65,44,nan
94,72,94
8,33,8
83,35,0
55,76,nan
84,52,0
59,69,nan
67,22,0
72,75,nan
77,12,0
67,18,0
26,48,0
16,63,0
66,45,nan
87,25,0
62,84,nan
69,94,0
75,29,0
16,24,0
58,39,nan
12,93,0
44,97,44
67,19,0
80,21,0
31,69,nan
29,28,29
54,87,nan
30,25,nan
79,47,0
8,49,0
73,92,0
22,77,0
85,17,0
99,60,99
0,14,0
98,46,98
59,95,59
38,89,38
66,75,nan
54,72,nan
34,89,34
38,4,38
38,28,nan
68,9,0
81,64,0
11,57,0
4,98,0
45,60,nan
66,34,nan
87,19,0
52,36,nan
44,99,44
38,38,nan
81,1,0
56,95,56
28,78,28
83,91,0
13,88,0
43,62,nan
50,38,nan
76,35,0
53,71,nan
13,91,0
16,34,0
47,91,47
55,23,55
85,2,0
58,68,nan
9,23,0
10,85,0
32,36,nan
80,41,0
71,45,0
81,38,0
99,52,99
68,43,nan
16,30,0
17,15,0
20,22,0
45,29,nan
49,75,nan
76,32,0
88,84,88
65,57,nan
75,75,nan
26,35,0
47,36,nan
50,56,nan
29,71,29
96,70,96
0,23,0
18,20,0
14,32,0
57,82,nan
30,70,nan
35,82,35
98,81,98
42,42,nan
40,40,nan
67,62,nan
96,74,0
98,78,98
82,29,0
59,15,59
49,32,nan
31,8,31
72,22,0
81,72,0
37,53,nan
69,2,69
26,11,0
24,11,0
31,31,nan
9,86,0
26,29,0
9,36,nan
96,66,96
20,1,0
95,30,0
1,34,1
68,68,nan
86,63,0
0,53,0
25,76,0
8,16,0
90,5,0
80,60,0
82,25,0
81,65,0
29,55,nan
10,71,0
91,64,91
0,75,0
14,19,0
59,73,nan
83,81,0
26,23,0
83,56,0
61,67,nan
83,24,0
87,40,0
28,73,0
19,50,0
11,31,0
17,83,0
60,18,60
93,42,0
80,17,0
7,94,0
84,62,0
69,4,0
41,99,41
78,12,0
55,94,55
44,65,nan
5,81,0
30,90,30
61,93,0
64,65,nan
43,16,43
22,40,0
34,3,34
2,82,2
98,24,98
63,90,63
2,28,2
72,34,0
97,67,97
64,82,nan
42,15,42
4,68,0
27,81,0
42,39,nan
53,94,53
8,2,0
16,1,0
40,41,nan
44,2,44
92,45,92
76,51,0
29,23,0
53,73,nan
31,85,31
35,29,nan
81,0,0
18,10,0
7,89,7
39,56,nan
13,16,0
91,17,0
1,89,1
49,78,nan
17,81,0
88,31,0
37,95,37
94,92,0
39,65,nan
8,30,0
85,3,0
70,24,0
28,29,0
0,65,0
53,31,53
34,56,nan
13,11,0
44,7,44
74,74,nan
80,72,0
18,69,0
8,96,8
37,81,37
43,96,43
64,12,0
37,77,37
55,10,55
93,41,93
78,91,0
30,72,30
27,44,0
43,19,43
1,1,1
49,15,49
62,19,62
9,11,0
5,5,0
50,69,nan
32,76,32
8,29,0
97,92,97
13,95,0
52,29,52
79,44,0
74,66,0
81,76,0
53,22,53
62,63,nan
49,66,nan
23,85,0
4,11,0
60,11,60
79,5,0
49,35,nan
24,77,24
26,56,nan
12,28,0
48,96,48
89,9,0
6,55,0
81,71,0
71,35,0
75,14,0
30,16,nan
13,85,0
32,59,nan
33,54,nan
99,70,99
74,11,0
20,60,0
61,90,61
49,5,49
59,96,59
96,61,0
37,72,nan
70,20,70
21,65,0
56,64,nan
92,64,92
2,73,0
69,18,0
71,75,nan
52,54,nan
2,80,0
49,45,nan
46,46,nan
12,0,0
83,95,0
63,14,63
29,76,29
46,44,nan
32,85,32
92,51,92
29,56,nan
68,20,68
36,99,36
39,74,nan
71,12,0
96,73,96
6,6,0
85,94,0
82,41,0
15,23,0
65,41,nan
93,56,0
28,9,28
86,22,0
71,78,nan
67,32,67
35,48,nan
8,15,0
45,57,nan
26,88,0
97,15,97
80,61,0
24,95,0
51,8,51
11,6,0
48,44,nan
7,87,0
70,80,nan
24,57,0
49,44,nan
29,68,nan
61,31,61
81,47,0
18,12,0
93,8,93
26,70,26
3,85,0
44,58,nan
69,96,69
8,19,0
49,52,nan
32,30,nan
44,77,nan
61,58,nan
22,29,0
99,77,99
64,81,nan
78,73,0
51,30,51
74,93,0
98,48,98
33,22,nan
68,29,0
15,87,0
52,99,52
82,90,0
44,76,nan
38,39,nan
23,54,0
67,95,67
16,99,0
90,13,90
38,69,nan
40,93,40
84,55,0
17,69,0
66,58,nan
60,33,60
80,26,0
66,4,0
55,56,nan
45,92,45
70,73,nan
29,38,29
79,92,0
41,38,nan
60,81,nan
11,1,0
47,96,47
70,15,0
77,93,0
66,24,0
8,88,0
28,23,0
89,86,0
99,94,99
7,0,0
55,88,nan
30,13,nan
39,35,nan
21,46,0
44,96,44
82,26,0
23,51,0
82,31,0
80,51,0
87,73,0
75,34,0
31,56,nan
51,43,nan
88,1,88
69,66,nan
53,49,nan
74,19,0
37,92,37
40,27,nan
80,62,0
34,47,nan
97,77,97
63,76,nan
94,88,94
25,5,0
66,74,nan
82,46,0
98,75,98
84,12,0
81,46,0
49,68,nan
55,52,nan
46,48,nan
53,37,nan
63,5,0
65,75,nan
76,96,0
39,62,nan
90,88,0
11,77,0
98,8,98
77,2,0
18,86,0
8,5,0
25,55,0
14,78,0
10,30,0
34,18,nan
60,13,60
93,47,93
35,83,35
28,44,0
94,0,94
47,24,47
26,8,26
77,92,0
13,23,0
3,63,3
30,76,30
75,32,0
44,51,nan
71,99,0
10,5,0
96,12,96
1,45,1
51,29,51
16,50,0
88,34,0
13,66,0
13,42,nan
4,8,4
73,43,0
63,65,nan
26,18,0
74,2,0
2,3,2
19,45,0
88,33,88
2,23,0
24,58,24
44,14,44
33,94,33
53,65,nan
86,99,0
21,98,0
72,80,nan
18,9,0
44,75,nan
81,20,0
84,26,0
71,29,0
23,4,0
71,90,0
21,94,0
71,68,0
93,10,0
60,50,nan
14,71,0
9,10,0
62,14,62
55,34,55
66,82,nan
82,51,0
74,49,0
21,18,0
71,1,0
16,82,0
6,23,0
38,85,38
52,76,nan
95,64,95
5,23,0
13,5,0
39,10,39
75,45,0
10,65,0
93,80,0
9,68,0
37,30,nan
43,2,43
76,78,nan
0,54,0
68,16,0
67,65,nan
92,83,92
41,6,41
6,8,6
43,79,nan
6,29,0
7,74,0
9,80,0
29,77,29
8,8,8
9,49,0
9,62,0
9,19,0
37,25,nan
47,92,47
80,42,0
52,98,52
73,20,0
9,69,0
